통계분야,통계유형,통계명,통계표명,랜딩페이지주소
국토/도시,승인통계,건축물통계,면적별 건축물 현황,https://stat.molit.go.kr/portal/cate/viewChk.do?hRsId=19&hFormId=540
국토/도시,승인통계,건축물통계,면적별 건축물 현황(50만_이상_도시),https://stat.molit.go.kr/portal/cate/viewChk.do?hRsId=19&hFormId=5391
국토/도시,승인통계,건축물통계,소유구분별 건축물 현황,https://stat.molit.go.kr/portal/cate/viewChk.do?hRsId=19&hFormId=560
국토/도시,승인통계,건축물통계,소유구분별 건축물 현황(50만_이상_도시),https://stat.molit.go.kr/portal/cate/viewChk.do?hRsId=19&hFormId=5392
국토/도시,승인통계,건축물통계,용도별 건축물 현황,https://stat.molit.go.kr/portal/cate/viewChk.do?hRsId=19&hFormId=522
국토/도시,승인통계,건축물통계,용도별 건축물 현황(50만_이상_도시),https://stat.molit.go.kr/portal/cate/viewChk.do?hRsId=19&hFormId=5389
국토/도시,승인통계,건축물통계,층수별 건축물 현황,https://stat.molit.go.kr/portal/cate/viewChk.do?hRsId=19&hFormId=524
국토/도시,승인통계,건축물통계,층수별 건축물 현황(50만_이상_도시),https://stat.molit.go.kr/portal/cate/viewChk.do?hRsId=19&hFormId=5390
국토/도시,승인통계,건축허가 및 착공통계,동수별 연면적별 건축착공현황,https://stat.molit.go.kr/portal/cate/viewChk.do?hRsId=466&hFormId=6905
국토/도시,승인통계,건축허가 및 착공통계,동수별 연면적별 건축허가현황,https://stat.molit.go.kr/portal/cate/viewChk.do?hRsId=466&hFormId=6906
국토/도시,승인통계,건축허가 및 착공통계,시도별 건축물착공현황,https://stat.molit.go.kr/portal/cate/viewChk.do?hRsId=466&hFormId=2202
국토/도시,승인통계,건축허가 및 착공통계,시도별 건축허가현황,https://stat.molit.go.kr/portal/cate/viewChk.do?hRsId=466&hFormId=2200
국토/도시,승인통계,건축허가 및 착공통계,연도별 건축물착공현황,https://stat.molit.go.kr/portal/cate/viewChk.do?hRsId=466&hFormId=2264
국토/도시,승인통계,건축허가 및 착공통계,연도별 건축허가현황,https://stat.molit.go.kr/portal/cate/viewChk.do?hRsId=466&hFormId=2260
국토/도시,승인통계,국토지리정보현황,공공측량현황,https://stat.molit.go.kr/portal/cate/viewChk.do?hRsId=13&hFormId=6717
국토/도시,승인통계,국토지리정보현황,국가 측량 기준점 설치현황,https://stat.molit.go.kr/portal/cate/viewChk.do?hRsId=13&hFormId=6793
국토/도시,승인통계,국토지리정보현황,수치지도 제작 및 수정현황,https://stat.molit.go.kr/portal/cate/viewChk.do?hRsId=13&hFormId=450
국토/도시,승인통계,국토지리정보현황,자연지명현황,https://stat.molit.go.kr/portal/cate/viewChk.do?hRsId=13&hFormId=6794
국토/도시,승인통계,국토지리정보현황,종료_공공측량현황,https://stat.molit.go.kr/portal/cate/viewChk.do?hRsId=13&hFormId=448
국토/도시,승인통계,국토지리정보현황,종료_국가 측량 기준점 설치현황,https://stat.molit.go.kr/portal/cate/viewChk.do?hRsId=13&hFormId=446
국토/도시,승인통계,국토지리정보현황,종료_자연지명현황,https://stat.molit.go.kr/portal/cate/viewChk.do?hRsId=13&hFormId=454
국토/도시,승인통계,국토지리정보현황,종료_종이지도 제작 및 수정현황,https://stat.molit.go.kr/portal/cate/viewChk.do?hRsId=13&hFormId=452
국토/도시,승인통계,국토지리정보현황,종료_측량업 등록업체현황,https://stat.molit.go.kr/portal/cate/viewChk.do?hRsId=13&hFormId=456
국토/도시,승인통계,국토지리정보현황,종이지도 제작 및 수정현황,https://stat.molit.go.kr/portal/cate/viewChk.do?hRsId=13&hFormId=6795
국토/도시,승인통계,국토지리정보현황,측량업 등록업체현황,https://stat.molit.go.kr/portal/cate/viewChk.do?hRsId=13&hFormId=6796
국토/도시,승인통계,도시정비사업현황,1-1. 연도별 주거환경개선사업 현황,https://stat.molit.go.kr/portal/cate/viewChk.do?hRsId=17&hFormId=6187
국토/도시,승인통계,도시정비사업현황,1-2. 시도별 주거환경개선사업 현황 누계,https://stat.molit.go.kr/portal/cate/viewChk.do?hRsId=17&hFormId=6188
국토/도시,승인통계,도시정비사업현황,2-1. 연도별 재개발사업 현황,https://stat.molit.go.kr/portal/cate/viewChk.do?hRsId=17&hFormId=6189
국토/도시,승인통계,도시정비사업현황,2-2. 시도별 재개발사업 현황 누계,https://stat.molit.go.kr/portal/cate/viewChk.do?hRsId=17&hFormId=6190
국토/도시,승인통계,도시정비사업현황,3-1. 연도별 재건축사업 현황,https://stat.molit.go.kr/portal/cate/viewChk.do?hRsId=17&hFormId=6191
국토/도시,승인통계,도시정비사업현황,3-2. 시도별 재건축사업 현황 누계,https://stat.molit.go.kr/portal/cate/viewChk.do?hRsId=17&hFormId=6192
국토/도시,승인통계,도시정비사업현황,3-3. 연도별 서울시 재건축사업 현황,https://stat.molit.go.kr/portal/cate/viewChk.do?hRsId=17&hFormId=6193
국토/도시,승인통계,도시정비사업현황,4-1. 연도별 가로주택정비사업 현황,https://stat.molit.go.kr/portal/cate/viewChk.do?hRsId=17&hFormId=6194
국토/도시,승인통계,도시정비사업현황,4-2. 시도별 가로주택정비사업 현황 누계,https://stat.molit.go.kr/portal/cate/viewChk.do?hRsId=17&hFormId=6195
국토/도시,승인통계,도시정비사업현황,도시정비사업 통계현황,https://stat.molit.go.kr/portal/cate/viewChk.do?hRsId=17&hFormId=6899
국토/도시,행정자료,개발제한구역현황,권역별 지정 및 해제현황,https://stat.molit.go.kr/portal/cate/viewChk.do?hRsId=18&hFormId=516
국토/도시,행정자료,개발제한구역현황,시도별 해제현황,https://stat.molit.go.kr/portal/cate/viewChk.do?hRsId=18&hFormId=518
국토/도시,행정자료,건축사현황,건축사 배출 현황,https://stat.molit.go.kr/portal/cate/viewChk.do?hRsId=372&hFormId=3754
국토/도시,행정자료,건축사현황,건축사(건축사보) 및 건축사사무소 현황,https://stat.molit.go.kr/portal/cate/viewChk.do?hRsId=372&hFormId=5633
국토/도시,행정자료,국토계획,국토지표의 진전,https://stat.molit.go.kr/portal/cate/viewChk.do?hRsId=3&hFormId=394
국토/도시,행정자료,도시개발사업현황,1. 도시개발사업현황_총괄표,https://stat.molit.go.kr/portal/cate/viewChk.do?hRsId=16&hFormId=5648
국토/도시,행정자료,도시개발사업현황,2. 도시개발사업현황(신규지정),https://stat.molit.go.kr/portal/cate/viewChk.do?hRsId=16&hFormId=5631
국토/도시,행정자료,도시개발사업현황,3. 도시개발사업현황(진행사업),https://stat.molit.go.kr/portal/cate/viewChk.do?hRsId=16&hFormId=1232
국토/도시,행정자료,도시개발사업현황,4. 도시개발사업현황(완료사업),https://stat.molit.go.kr/portal/cate/viewChk.do?hRsId=16&hFormId=5629
국토/도시,행정자료,도시개발사업현황,5. 도시개발사업현황(해제사업),https://stat.molit.go.kr/portal/cate/viewChk.do?hRsId=16&hFormId=5630
국토/도시,행정자료,산업단지 현황,국가산업단지현황,https://stat.molit.go.kr/portal/cate/viewChk.do?hRsId=12&hFormId=1820
국토/도시,행정자료,산업단지 현황,도시첨단산업단지현황,https://stat.molit.go.kr/portal/cate/viewChk.do?hRsId=12&hFormId=1824
국토/도시,행정자료,산업단지 현황,일반산업단지현황,https://stat.molit.go.kr/portal/cate/viewChk.do?hRsId=12&hFormId=1822
국토/도시,행정자료,수도권계획,과밀부담금 현황,https://stat.molit.go.kr/portal/cate/viewChk.do?hRsId=11&hFormId=5806
국토/도시,행정자료,수도권계획,수도권 권역현황,https://stat.molit.go.kr/portal/cate/viewChk.do?hRsId=11&hFormId=430
국토/도시,행정자료,지역균형발전계획('15년 이후 추가 지정없음),개발촉진지구 지정현황,https://stat.molit.go.kr/portal/cate/viewChk.do?hRsId=6&hFormId=400
국토/도시,행정자료,지역균형발전계획('15년 이후 추가 지정없음),거점지역형 지역개발계획현황,https://stat.molit.go.kr/portal/cate/viewChk.do?hRsId=6&hFormId=420
국토/도시,행정자료,지역균형발전계획('15년 이후 추가 지정없음),공공기관이전 및 혁신도시현황,https://stat.molit.go.kr/portal/cate/viewChk.do?hRsId=6&hFormId=426
국토/도시,행정자료,지역균형발전계획('15년 이후 추가 지정없음),광역권 지정현황,https://stat.molit.go.kr/portal/cate/viewChk.do?hRsId=6&hFormId=398
국토/도시,행정자료,지역균형발전계획('15년 이후 추가 지정없음),기업도시현황,https://stat.molit.go.kr/portal/cate/viewChk.do?hRsId=6&hFormId=428
국토/도시,행정자료,지역균형발전계획('15년 이후 추가 지정없음),전국 시.도별 지역행복생활권 구성 현황,https://stat.molit.go.kr/portal/cate/viewChk.do?hRsId=6&hFormId=5706
국토/도시,행정자료,지역균형발전계획('15년 이후 추가 지정없음),행정중심복합도시 예정지역 토지이용계획표,https://stat.molit.go.kr/portal/cate/viewChk.do?hRsId=6&hFormId=424
국토/도시,행정자료,지역균형발전계획('15년 이후 추가 지정없음),행정중심복합도시현황,https://stat.molit.go.kr/portal/cate/viewChk.do?hRsId=6&hFormId=422
주택,승인통계,미분양주택현황보고,공사완료후 미분양현황,https://stat.molit.go.kr/portal/cate/viewChk.do?hRsId=32&hFormId=5328
주택,승인통계,미분양주택현황보고,규모별 미분양현황,https://stat.molit.go.kr/portal/cate/viewChk.do?hRsId=32&hFormId=2080
주택,승인통계,미분양주택현황보고,미분양현황_종합,https://stat.molit.go.kr/portal/cate/viewChk.do?hRsId=32&hFormId=2086
주택,승인통계,미분양주택현황보고,시·군·구별 미분양현황,https://stat.molit.go.kr/portal/cate/viewChk.do?hRsId=32&hFormId=2082
주택,승인통계,아파트주거환경통계,사업주체별 규모 현황,https://stat.molit.go.kr/portal/cate/viewChk.do?hRsId=33&hFormId=748
주택,승인통계,아파트주거환경통계,사업주체별 부대복리시설 현황,https://stat.molit.go.kr/portal/cate/viewChk.do?hRsId=33&hFormId=798
주택,승인통계,아파트주거환경통계,사업주체별 부대복리시설현황,https://stat.molit.go.kr/portal/cate/viewChk.do?hRsId=33&hFormId=6042
주택,승인통계,아파트주거환경통계,사업주체별 지역별 규모 현황,https://stat.molit.go.kr/portal/cate/viewChk.do?hRsId=33&hFormId=802
주택,승인통계,아파트주거환경통계,사업주체별 지역별 층수 현황,https://stat.molit.go.kr/portal/cate/viewChk.do?hRsId=33&hFormId=800
주택,승인통계,아파트주거환경통계,사업주체별 층수 현황,https://stat.molit.go.kr/portal/cate/viewChk.do?hRsId=33&hFormId=730
주택,승인통계,아파트주거환경통계,연도별 사업주체별 건설현황,https://stat.molit.go.kr/portal/cate/viewChk.do?hRsId=33&hFormId=692
주택,승인통계,아파트주거환경통계,준공연도별 규모현황,https://stat.molit.go.kr/portal/cate/viewChk.do?hRsId=33&hFormId=690
주택,승인통계,아파트주거환경통계,준공연도별 지역별 규모 현황,https://stat.molit.go.kr/portal/cate/viewChk.do?hRsId=33&hFormId=804
주택,승인통계,아파트주거환경통계,지역별 규모현황,https://stat.molit.go.kr/portal/cate/viewChk.do?hRsId=33&hFormId=682
주택,승인통계,아파트주거환경통계,지역별 난방방식 현황,https://stat.molit.go.kr/portal/cate/viewChk.do?hRsId=33&hFormId=756
주택,승인통계,아파트주거환경통계,지역별 단지면적 현황,https://stat.molit.go.kr/portal/cate/viewChk.do?hRsId=33&hFormId=752
주택,승인통계,아파트주거환경통계,지역별 대중교통 및 교육시설 인접현황,https://stat.molit.go.kr/portal/cate/viewChk.do?hRsId=33&hFormId=5419
주택,승인통계,아파트주거환경통계,지역별 동수 현황,https://stat.molit.go.kr/portal/cate/viewChk.do?hRsId=33&hFormId=760
주택,승인통계,아파트주거환경통계,지역별 방범시설 및 조경면적 현황,https://stat.molit.go.kr/portal/cate/viewChk.do?hRsId=33&hFormId=6038
주택,승인통계,아파트주거환경통계,지역별 방범시설 및 주택품질 현황,https://stat.molit.go.kr/portal/cate/viewChk.do?hRsId=33&hFormId=5420
주택,승인통계,아파트주거환경통계,지역별 부대 복리 시설현황,https://stat.molit.go.kr/portal/cate/viewChk.do?hRsId=33&hFormId=6041
주택,승인통계,아파트주거환경통계,지역별 부대 복리 시설현황,https://stat.molit.go.kr/portal/cate/viewChk.do?hRsId=33&hFormId=694
주택,승인통계,아파트주거환경통계,지역별 용도지역 현황,https://stat.molit.go.kr/portal/cate/viewChk.do?hRsId=33&hFormId=754
주택,승인통계,아파트주거환경통계,지역별 일반 면적현황,https://stat.molit.go.kr/portal/cate/viewChk.do?hRsId=33&hFormId=6039
주택,승인통계,아파트주거환경통계,지역별 주차장 시설 현황,https://stat.molit.go.kr/portal/cate/viewChk.do?hRsId=33&hFormId=696
주택,승인통계,아파트주거환경통계,지역별 주차장 시설현황,https://stat.molit.go.kr/portal/cate/viewChk.do?hRsId=33&hFormId=6040
주택,승인통계,아파트주거환경통계,지역별 집단가스시설 현황,https://stat.molit.go.kr/portal/cate/viewChk.do?hRsId=33&hFormId=758
주택,승인통계,아파트주거환경통계,지역별 층수 현황,https://stat.molit.go.kr/portal/cate/viewChk.do?hRsId=33&hFormId=722
주택,승인통계,아파트주거환경통계,지역별 평면형식현황,https://stat.molit.go.kr/portal/cate/viewChk.do?hRsId=33&hFormId=674
주택,승인통계,아파트주거환경통계,층수별 동수 현황,https://stat.molit.go.kr/portal/cate/viewChk.do?hRsId=33&hFormId=716
주택,승인통계,아파트주거환경통계,층수별 평면형식 현황,https://stat.molit.go.kr/portal/cate/viewChk.do?hRsId=33&hFormId=702
주택,승인통계,아파트주거환경통계,평면형식별 규모 현황,https://stat.molit.go.kr/portal/cate/viewChk.do?hRsId=33&hFormId=740
주택,승인통계,아파트주거환경통계,평면형식별 지역별 규모 현황,https://stat.molit.go.kr/portal/cate/viewChk.do?hRsId=33&hFormId=688
주택,승인통계,아파트주거환경통계,평면형식별 지역별 층수 현황,https://stat.molit.go.kr/portal/cate/viewChk.do?hRsId=33&hFormId=792
주택,승인통계,임대주택통계,1-1. 임대주택 공급현황,https://stat.molit.go.kr/portal/cate/viewChk.do?hRsId=37&hFormId=6826
주택,승인통계,임대주택통계,1-2. 민간임대주택 공급현황,https://stat.molit.go.kr/portal/cate/viewChk.do?hRsId=37&hFormId=6827
주택,승인통계,임대주택통계,2-1. 임대주택 재고현황,https://stat.molit.go.kr/portal/cate/viewChk.do?hRsId=37&hFormId=6825
주택,승인통계,임대주택통계,2-2. 민간임대주택 재고현황,https://stat.molit.go.kr/portal/cate/viewChk.do?hRsId=37&hFormId=6828
주택,승인통계,임대주택통계,3. 분양전환 실적현황,https://stat.molit.go.kr/portal/cate/viewChk.do?hRsId=37&hFormId=6829
주택,승인통계,임대주택통계,4. 시도별 임대사업자 현황,https://stat.molit.go.kr/portal/cate/viewChk.do?hRsId=37&hFormId=6830
주택,승인통계,임대주택통계,분양전환 실적 및 공가현황(2009 ~ 2019_종료),https://stat.molit.go.kr/portal/cate/viewChk.do?hRsId=37&hFormId=812
주택,승인통계,임대주택통계,시도별 임대사업자 및 임대호수 현황(1994 ~ 2019_종료),https://stat.molit.go.kr/portal/cate/viewChk.do?hRsId=37&hFormId=826
주택,승인통계,임대주택통계,연도별 임대사업자 및 임대호수 현황(1994 ~ 2019_종료),https://stat.molit.go.kr/portal/cate/viewChk.do?hRsId=37&hFormId=842
주택,승인통계,임대주택통계,임대주택 재고현황(2007 ~ 2019_종료),https://stat.molit.go.kr/portal/cate/viewChk.do?hRsId=37&hFormId=840
주택,승인통계,임대주택통계,임대주택공급실적(2007 ~ 2019_종료),https://stat.molit.go.kr/portal/cate/viewChk.do?hRsId=37&hFormId=1248
주택,승인통계,주거실태조사,(일반가구)지역별 소득계층별 점유형태,https://stat.molit.go.kr/portal/cate/viewChk.do?hRsId=327&hFormId=6908
주택,승인통계,주거실태조사,(일반가구)지역별 소득계층별 점유형태(종료),https://stat.molit.go.kr/portal/cate/viewChk.do?hRsId=327&hFormId=6689
주택,승인통계,주거실태조사,(일반가구)지역별 소득계층별 점유형태(종료),https://stat.molit.go.kr/portal/cate/viewChk.do?hRsId=327&hFormId=5405
주택,승인통계,주거실태조사,(일반가구)지역별 소득계층별 주택유형,https://stat.molit.go.kr/portal/cate/viewChk.do?hRsId=327&hFormId=5727
주택,승인통계,주거실태조사,(일반가구)지역별 소득별 무주택기간,https://stat.molit.go.kr/portal/cate/viewChk.do?hRsId=327&hFormId=6031
주택,승인통계,주거실태조사,(일반가구)지역별 소득별 최초주택마련소요년수,https://stat.molit.go.kr/portal/cate/viewChk.do?hRsId=327&hFormId=6032
주택,승인통계,주거실태조사,(일반가구)지역별 소득별 현재주택 거주기간,https://stat.molit.go.kr/portal/cate/viewChk.do?hRsId=327&hFormId=6033
주택,승인통계,주거실태조사,(일반가구)행정구역별 무주택기간,https://stat.molit.go.kr/portal/cate/viewChk.do?hRsId=327&hFormId=6034
주택,승인통계,주거실태조사,(일반가구)행정구역별 점유형태,https://stat.molit.go.kr/portal/cate/viewChk.do?hRsId=327&hFormId=6909
주택,승인통계,주거실태조사,(일반가구)행정구역별 점유형태(종료),https://stat.molit.go.kr/portal/cate/viewChk.do?hRsId=327&hFormId=5402
주택,승인통계,주거실태조사,(일반가구)행정구역별 점유형태(종료),https://stat.molit.go.kr/portal/cate/viewChk.do?hRsId=327&hFormId=6690
주택,승인통계,주거실태조사,(일반가구)행정구역별 주택유형,https://stat.molit.go.kr/portal/cate/viewChk.do?hRsId=327&hFormId=5403
주택,승인통계,주거실태조사,(일반가구)행정구역별 현재주택 거주기간,https://stat.molit.go.kr/portal/cate/viewChk.do?hRsId=327&hFormId=6035
주택,승인통계,주거실태조사,(일반가구)행정구열별 최초주택마련소요년수,https://stat.molit.go.kr/portal/cate/viewChk.do?hRsId=327&hFormId=6036
주택,승인통계,주택건설실적통계(분양),주택건설 분양실적(공동주택),https://stat.molit.go.kr/portal/cate/viewChk.do?hRsId=488&hFormId=5557
주택,승인통계,주택건설실적통계(인허가),부문별 주택건설 인허가실적,https://stat.molit.go.kr/portal/cate/viewChk.do?hRsId=31&hFormId=626
주택,승인통계,주택건설실적통계(인허가),부문별 주택건설 인허가실적(월별 누계),https://stat.molit.go.kr/portal/cate/viewChk.do?hRsId=31&hFormId=1946
주택,승인통계,주택건설실적통계(인허가),주택건설 인허가실적 총괄,https://stat.molit.go.kr/portal/cate/viewChk.do?hRsId=31&hFormId=618
주택,승인통계,주택건설실적통계(인허가),주택규모별 주택건설 인허가실적,https://stat.molit.go.kr/portal/cate/viewChk.do?hRsId=31&hFormId=668
주택,승인통계,주택건설실적통계(인허가),주택규모별 주택건설 인허가실적(월별 누계),https://stat.molit.go.kr/portal/cate/viewChk.do?hRsId=31&hFormId=1952
주택,승인통계,주택건설실적통계(인허가),주택유형별 주택건설 인허가실적,https://stat.molit.go.kr/portal/cate/viewChk.do?hRsId=31&hFormId=664
주택,승인통계,주택건설실적통계(인허가),주택유형별 주택건설 인허가실적(월별 누계),https://stat.molit.go.kr/portal/cate/viewChk.do?hRsId=31&hFormId=1948
주택,승인통계,주택건설실적통계(인허가),지역별 주택건설 인허가실적,https://stat.molit.go.kr/portal/cate/viewChk.do?hRsId=31&hFormId=666
주택,승인통계,주택건설실적통계(준공),주택건설 준공실적(월계),https://stat.molit.go.kr/portal/cate/viewChk.do?hRsId=468&hFormId=5372
주택,승인통계,주택건설실적통계(준공),주택규모별 주택건설 준공실적(월계),https://stat.molit.go.kr/portal/cate/viewChk.do?hRsId=468&hFormId=5374
주택,승인통계,주택건설실적통계(준공),주택유형별 주택건설 준공실적(월계),https://stat.molit.go.kr/portal/cate/viewChk.do?hRsId=468&hFormId=5373
주택,승인통계,주택건설실적통계(착공),주택건설 착공실적(월계),https://stat.molit.go.kr/portal/cate/viewChk.do?hRsId=471&hFormId=5386
주택,승인통계,주택건설실적통계(착공),주택규모별 주택건설 착공실적(월계),https://stat.molit.go.kr/portal/cate/viewChk.do?hRsId=471&hFormId=5388
주택,승인통계,주택건설실적통계(착공),주택유형별 주택건설 착공실적(월계),https://stat.molit.go.kr/portal/cate/viewChk.do?hRsId=471&hFormId=5387
주택,승인통계,주택도시기금 및 주택분양보증현황,국민주택채권발행현황,https://stat.molit.go.kr/portal/cate/viewChk.do?hRsId=35&hFormId=808
주택,승인통계,주택도시기금 및 주택분양보증현황,주택도시기금 대출실적,https://stat.molit.go.kr/portal/cate/viewChk.do?hRsId=35&hFormId=806
주택,승인통계,주택도시기금 및 주택분양보증현황,주택도시기금 운용현황,https://stat.molit.go.kr/portal/cate/viewChk.do?hRsId=35&hFormId=5550
주택,승인통계,주택도시기금 및 주택분양보증현황,주택도시기금 조성현황,https://stat.molit.go.kr/portal/cate/viewChk.do?hRsId=35&hFormId=814
주택,승인통계,주택도시기금 및 주택분양보증현황,주택분양보증현황,https://stat.molit.go.kr/portal/cate/viewChk.do?hRsId=35&hFormId=810
주택,승인통계,주택보급률,(舊)주택보급률(종료),https://stat.molit.go.kr/portal/cate/viewChk.do?hRsId=29&hFormId=592
주택,승인통계,주택보급률,(新)주택보급률,https://stat.molit.go.kr/portal/cate/viewChk.do?hRsId=29&hFormId=2100
주택,승인통계,주택보급률,인구천인당 주택수,https://stat.molit.go.kr/portal/cate/viewChk.do?hRsId=29&hFormId=594
주택,승인통계,주택보급률,주택멸실현황,https://stat.molit.go.kr/portal/cate/viewChk.do?hRsId=29&hFormId=5416
주택,승인통계,주택이외의거처 주거실태조사,01. 거처 유형,https://stat.molit.go.kr/portal/cate/viewChk.do?hRsId=516&hFormId=6081
주택,승인통계,주택이외의거처 주거실태조사,02. 현재 거처를 쪽방으로 인식하는지 여부,https://stat.molit.go.kr/portal/cate/viewChk.do?hRsId=516&hFormId=6082
주택,승인통계,주택이외의거처 주거실태조사,03. 가구 월평균 소득,https://stat.molit.go.kr/portal/cate/viewChk.do?hRsId=516&hFormId=6086
주택,승인통계,주택이외의거처 주거실태조사,04. 가구주의 학력,https://stat.molit.go.kr/portal/cate/viewChk.do?hRsId=516&hFormId=6084
주택,승인통계,주택이외의거처 주거실태조사,05. 가구주의 혼인 상태,https://stat.molit.go.kr/portal/cate/viewChk.do?hRsId=516&hFormId=6085
주택,승인통계,주택이외의거처 주거실태조사,06. 가구주의 경제활동,https://stat.molit.go.kr/portal/cate/viewChk.do?hRsId=516&hFormId=6087
주택,승인통계,주택이외의거처 주거실태조사,07. 가구주가 일을 하고 있지 않은 이유,https://stat.molit.go.kr/portal/cate/viewChk.do?hRsId=516&hFormId=6088
주택,승인통계,주택이외의거처 주거실태조사,08. 수급가구 여부,https://stat.molit.go.kr/portal/cate/viewChk.do?hRsId=516&hFormId=6089
주택,승인통계,주택이외의거처 주거실태조사,09. 비수급가구의 수급 신청 경험,https://stat.molit.go.kr/portal/cate/viewChk.do?hRsId=516&hFormId=6090
주택,승인통계,주택이외의거처 주거실태조사,10. 비수급가구가 수급 신청을 했으나 선정되지 않은 이유,https://stat.molit.go.kr/portal/cate/viewChk.do?hRsId=516&hFormId=6091
주택,승인통계,주택이외의거처 주거실태조사,11. 비수급가구가 수급 신청을 하지 않은 이유,https://stat.molit.go.kr/portal/cate/viewChk.do?hRsId=516&hFormId=6092
주택,승인통계,주택이외의거처 주거실태조사,12. 주민등록 등재 위치,https://stat.molit.go.kr/portal/cate/viewChk.do?hRsId=516&hFormId=6093
주택,승인통계,주택이외의거처 주거실태조사,13. 가구원 중 금융채무불이행자 유무,https://stat.molit.go.kr/portal/cate/viewChk.do?hRsId=516&hFormId=6094
주택,승인통계,주택이외의거처 주거실태조사,14. 가구 형태,https://stat.molit.go.kr/portal/cate/viewChk.do?hRsId=516&hFormId=6095
주택,승인통계,주택이외의거처 주거실태조사,15. 가족으로 이루어진 가구의 구성,https://stat.molit.go.kr/portal/cate/viewChk.do?hRsId=516&hFormId=6096
주택,승인통계,주택이외의거처 주거실태조사,16. 가구원 중 장애인 유무,https://stat.molit.go.kr/portal/cate/viewChk.do?hRsId=516&hFormId=6097
주택,승인통계,주택이외의거처 주거실태조사,17. 가구원 중 외국인·귀화한국인 유무,https://stat.molit.go.kr/portal/cate/viewChk.do?hRsId=516&hFormId=6099
주택,승인통계,주택이외의거처 주거실태조사,18. 타지 주택 보유 여부,https://stat.molit.go.kr/portal/cate/viewChk.do?hRsId=516&hFormId=6100
주택,승인통계,주택이외의거처 주거실태조사,19. 주택이외의 거처 거주 시작 시기,https://stat.molit.go.kr/portal/cate/viewChk.do?hRsId=516&hFormId=6101
주택,승인통계,주택이외의거처 주거실태조사,20. 현재 거처에서의 거주 기간,https://stat.molit.go.kr/portal/cate/viewChk.do?hRsId=516&hFormId=6102
주택,승인통계,주택이외의거처 주거실태조사,21. 현재 거처를 찾은 경로,https://stat.molit.go.kr/portal/cate/viewChk.do?hRsId=516&hFormId=6103
주택,승인통계,주택이외의거처 주거실태조사,22. 현재 거처 선택 이유,https://stat.molit.go.kr/portal/cate/viewChk.do?hRsId=516&hFormId=6104
주택,승인통계,주택이외의거처 주거실태조사,23. 현재 거처에서 겪는 주된 어려움,https://stat.molit.go.kr/portal/cate/viewChk.do?hRsId=516&hFormId=6105
주택,승인통계,주택이외의거처 주거실태조사,24. 주거 전용면적,https://stat.molit.go.kr/portal/cate/viewChk.do?hRsId=516&hFormId=6106
주택,승인통계,주택이외의거처 주거실태조사,25. 거주 층,https://stat.molit.go.kr/portal/cate/viewChk.do?hRsId=516&hFormId=6107
주택,승인통계,주택이외의거처 주거실태조사,26. 가구의 사용 방 수,https://stat.molit.go.kr/portal/cate/viewChk.do?hRsId=516&hFormId=6108
주택,승인통계,주택이외의거처 주거실태조사,27. 시설 설치 비율,https://stat.molit.go.kr/portal/cate/viewChk.do?hRsId=516&hFormId=6109
주택,승인통계,주택이외의거처 주거실태조사,28. 난방시설 유무 및 사용 여부,https://stat.molit.go.kr/portal/cate/viewChk.do?hRsId=516&hFormId=6098
주택,승인통계,주택이외의거처 주거실태조사,29. 현재 거처의 점유 형태,https://stat.molit.go.kr/portal/cate/viewChk.do?hRsId=516&hFormId=6110
주택,승인통계,주택이외의거처 주거실태조사,30. 자가 가구의 매입가격,https://stat.molit.go.kr/portal/cate/viewChk.do?hRsId=516&hFormId=6111
주택,승인통계,주택이외의거처 주거실태조사,31. 월세 가구의 보증금,https://stat.molit.go.kr/portal/cate/viewChk.do?hRsId=516&hFormId=6112
주택,승인통계,주택이외의거처 주거실태조사,32. 월세 가구의 월세,https://stat.molit.go.kr/portal/cate/viewChk.do?hRsId=516&hFormId=6113
주택,승인통계,주택이외의거처 주거실태조사,33. 월세 가구의 월세 연체 경험,https://stat.molit.go.kr/portal/cate/viewChk.do?hRsId=516&hFormId=6114
주택,승인통계,주택이외의거처 주거실태조사,34. 월평균 공과금과 관리비,https://stat.molit.go.kr/portal/cate/viewChk.do?hRsId=516&hFormId=6115
주택,승인통계,주택이외의거처 주거실태조사,35. 임대차 계약서 작성 여부 및 계약 기간,https://stat.molit.go.kr/portal/cate/viewChk.do?hRsId=516&hFormId=6116
주택,승인통계,주택이외의거처 주거실태조사,36. 현재 거처의 물리적 상태에 대한 평가,https://stat.molit.go.kr/portal/cate/viewChk.do?hRsId=516&hFormId=6117
주택,승인통계,주택이외의거처 주거실태조사,37. 거처가 생활하기에 비좁은지에 대한 평가,https://stat.molit.go.kr/portal/cate/viewChk.do?hRsId=516&hFormId=6118
주택,승인통계,주택이외의거처 주거실태조사,38. 채광이 안되는지에 대한 평가,https://stat.molit.go.kr/portal/cate/viewChk.do?hRsId=516&hFormId=6119
주택,승인통계,주택이외의거처 주거실태조사,39. 소음이 심한지에 대한 평가,https://stat.molit.go.kr/portal/cate/viewChk.do?hRsId=516&hFormId=6120
주택,승인통계,주택이외의거처 주거실태조사,40. 습기와 곰팡이가 많은지에 대한 평가,https://stat.molit.go.kr/portal/cate/viewChk.do?hRsId=516&hFormId=6121
주택,승인통계,주택이외의거처 주거실태조사,41. 통풍이 잘되지 않고 악취가 심한지에 대한 평가,https://stat.molit.go.kr/portal/cate/viewChk.do?hRsId=516&hFormId=6122
주택,승인통계,주택이외의거처 주거실태조사,42. 쥐나 바퀴벌레 등으로 위생상태가 나쁜지에 대한 평가,https://stat.molit.go.kr/portal/cate/viewChk.do?hRsId=516&hFormId=6123
주택,승인통계,주택이외의거처 주거실태조사,"43. 천장, 벽 등에 물이 새는 곳이 있는지에 대한 평가",https://stat.molit.go.kr/portal/cate/viewChk.do?hRsId=516&hFormId=6124
주택,승인통계,주택이외의거처 주거실태조사,44. 건물이 노후화되어 붕괴 위험이 있는지에 대한 평가,https://stat.molit.go.kr/portal/cate/viewChk.do?hRsId=516&hFormId=6125
주택,승인통계,주택이외의거처 주거실태조사,45. 화재 위험이 있는지에 대한 평가,https://stat.molit.go.kr/portal/cate/viewChk.do?hRsId=516&hFormId=6126
주택,승인통계,주택이외의거처 주거실태조사,46. 낯선 사람의 침입에 취약한지에 대한 평가,https://stat.molit.go.kr/portal/cate/viewChk.do?hRsId=516&hFormId=6127
주택,승인통계,주택이외의거처 주거실태조사,47. 겨울철 적절한 실내 온도 유지 여부,https://stat.molit.go.kr/portal/cate/viewChk.do?hRsId=516&hFormId=6128
주택,승인통계,주택이외의거처 주거실태조사,48. 겨울철 적절한 실내 온도 유지가 어려운 이유,https://stat.molit.go.kr/portal/cate/viewChk.do?hRsId=516&hFormId=6129
주택,승인통계,주택이외의거처 주거실태조사,49. 하루 평균 고시원에 머무는 시간(평일),https://stat.molit.go.kr/portal/cate/viewChk.do?hRsId=516&hFormId=6130
주택,승인통계,주택이외의거처 주거실태조사,50. 하루 평균 고시원에 머무는 시간(주말),https://stat.molit.go.kr/portal/cate/viewChk.do?hRsId=516&hFormId=6131
주택,승인통계,주택이외의거처 주거실태조사,51. 하루 평균 고시원 제공 식사 이용 횟수,https://stat.molit.go.kr/portal/cate/viewChk.do?hRsId=516&hFormId=6132
주택,승인통계,주택이외의거처 주거실태조사,52. 고시원에 대한 공공 규제 필요 부분,https://stat.molit.go.kr/portal/cate/viewChk.do?hRsId=516&hFormId=6133
주택,승인통계,주택이외의거처 주거실태조사,53. 지난 1년 간 주거비가 부담스러운 정도,https://stat.molit.go.kr/portal/cate/viewChk.do?hRsId=516&hFormId=6134
주택,승인통계,주택이외의거처 주거실태조사,54. 주거비 부담으로 식료품비를 줄인 경험 여부,https://stat.molit.go.kr/portal/cate/viewChk.do?hRsId=516&hFormId=6135
주택,승인통계,주택이외의거처 주거실태조사,55. 거처에 대해 전반적으로 만족하며 계속 살아도 좋은지에 대한 의견,https://stat.molit.go.kr/portal/cate/viewChk.do?hRsId=516&hFormId=6136
주택,승인통계,주택이외의거처 주거실태조사,56. 지금 형편에서 더 좋은 거처를 찾기 어려운지에 대한 의견,https://stat.molit.go.kr/portal/cate/viewChk.do?hRsId=516&hFormId=6137
주택,승인통계,주택이외의거처 주거실태조사,57. 현재 거처의 상태가 주거비에 비해 적당한지에 대한 의견,https://stat.molit.go.kr/portal/cate/viewChk.do?hRsId=516&hFormId=6138
주택,승인통계,주택이외의거처 주거실태조사,58. 현재 거처에서의 이웃과의 관계,https://stat.molit.go.kr/portal/cate/viewChk.do?hRsId=516&hFormId=6139
주택,승인통계,주택이외의거처 주거실태조사,59. 어려울 때 도움을 받을 수 있는 곳,https://stat.molit.go.kr/portal/cate/viewChk.do?hRsId=516&hFormId=6140
주택,승인통계,주택이외의거처 주거실태조사,60. 현재 거처에서의 퇴거 위협 여부,https://stat.molit.go.kr/portal/cate/viewChk.do?hRsId=516&hFormId=6141
주택,승인통계,주택이외의거처 주거실태조사,61. 현재 거처에서 계속 거주 의사 여부,https://stat.molit.go.kr/portal/cate/viewChk.do?hRsId=516&hFormId=6142
주택,승인통계,주택이외의거처 주거실태조사,62. 현재 거처에서 계속 거주하고 싶은 이유,https://stat.molit.go.kr/portal/cate/viewChk.do?hRsId=516&hFormId=6143
주택,승인통계,주택이외의거처 주거실태조사,63. 이주를 계획하는 이유,https://stat.molit.go.kr/portal/cate/viewChk.do?hRsId=516&hFormId=6144
주택,승인통계,주택이외의거처 주거실태조사,64. 주거 관련 정보제공 및 상담을 받은 경험,https://stat.molit.go.kr/portal/cate/viewChk.do?hRsId=516&hFormId=6145
주택,승인통계,주택이외의거처 주거실태조사,65. 주거복지 프로그램 이용 경험,https://stat.molit.go.kr/portal/cate/viewChk.do?hRsId=516&hFormId=6146
주택,승인통계,주택이외의거처 주거실태조사,66. 가장 필요한 주거복지 프로그램,https://stat.molit.go.kr/portal/cate/viewChk.do?hRsId=516&hFormId=6147
주택,승인통계,주택이외의거처 주거실태조사,67. 필요한 주거복지 프로그램을 이용하지 못하는 이유,https://stat.molit.go.kr/portal/cate/viewChk.do?hRsId=516&hFormId=6148
주택,승인통계,주택이외의거처 주거실태조사,68. 공공임대주택 입주 의사,https://stat.molit.go.kr/portal/cate/viewChk.do?hRsId=516&hFormId=6149
주택,승인통계,주택이외의거처 주거실태조사,69. 공공임대주택에 입주하려는 이유,https://stat.molit.go.kr/portal/cate/viewChk.do?hRsId=516&hFormId=6150
주택,승인통계,주택이외의거처 주거실태조사,70. 공공임대주택 입주 의사가 없는 이유,https://stat.molit.go.kr/portal/cate/viewChk.do?hRsId=516&hFormId=6151
주택,승인통계,주택이외의거처 주거실태조사,71. 공유주택 거주 의사,https://stat.molit.go.kr/portal/cate/viewChk.do?hRsId=516&hFormId=6152
주택,승인통계,주택이외의거처 주거실태조사,72. 독립적인 생활을 위해 다른 사람의 도움 필요 여부,https://stat.molit.go.kr/portal/cate/viewChk.do?hRsId=516&hFormId=6153
주택,승인통계,주택이외의거처 주거실태조사,73. 사회복지서비스에 대한 소요,https://stat.molit.go.kr/portal/cate/viewChk.do?hRsId=516&hFormId=6154
주택,행정자료,공동주택 현황,공동주택현황,https://stat.molit.go.kr/portal/cate/viewChk.do?hRsId=419&hFormId=5882
주택,행정자료,공동주택 현황,공동주택현황_세대수별단지(13년 이후 작성중지),https://stat.molit.go.kr/portal/cate/viewChk.do?hRsId=419&hFormId=4728
주택,행정자료,공동주택 현황,면적별 공동주택(13년 이후 작성중지),https://stat.molit.go.kr/portal/cate/viewChk.do?hRsId=419&hFormId=4724
주택,행정자료,공동주택 현황,사용년수별 공동주택(13년 이후 작성중지),https://stat.molit.go.kr/portal/cate/viewChk.do?hRsId=419&hFormId=5396
주택,행정자료,공동주택 현황,층별 공동주택(13년 이후 작성중지),https://stat.molit.go.kr/portal/cate/viewChk.do?hRsId=419&hFormId=5397
주택,행정자료,도시형생활주택 인허가 실적,도시형생활주택 인허가 실적,https://stat.molit.go.kr/portal/cate/viewChk.do?hRsId=489&hFormId=5558
주택,행정자료,입주자저축가입자현황,입주자저축가입자현황(시도별),https://stat.molit.go.kr/portal/cate/viewChk.do?hRsId=36&hFormId=828
주택,행정자료,입주자저축가입자현황,입주자저축가입자현황(연도별),https://stat.molit.go.kr/portal/cate/viewChk.do?hRsId=36&hFormId=830
주택,행정자료,주택사업자현황,시도별주택사업자현황,https://stat.molit.go.kr/portal/cate/viewChk.do?hRsId=381&hFormId=5367
토지,승인통계,공간정보산업조사,공간정보 관련 매출액,https://stat.molit.go.kr/portal/cate/viewChk.do?hRsId=492&hFormId=5671
토지,승인통계,공간정보산업조사,공간정보산업조사_총괄,https://stat.molit.go.kr/portal/cate/viewChk.do?hRsId=492&hFormId=5663
토지,승인통계,공간정보산업조사,사업체 전체 매출액,https://stat.molit.go.kr/portal/cate/viewChk.do?hRsId=492&hFormId=5670
토지,승인통계,공간정보산업조사,종사자 근속년수 구성비,https://stat.molit.go.kr/portal/cate/viewChk.do?hRsId=492&hFormId=5667
토지,승인통계,공간정보산업조사,종사자 성별 구성비,https://stat.molit.go.kr/portal/cate/viewChk.do?hRsId=492&hFormId=5665
토지,승인통계,공간정보산업조사,종사자 업무분야 구성비,https://stat.molit.go.kr/portal/cate/viewChk.do?hRsId=492&hFormId=5669
토지,승인통계,공간정보산업조사,종사자 연령 구성비,https://stat.molit.go.kr/portal/cate/viewChk.do?hRsId=492&hFormId=5666
토지,승인통계,공간정보산업조사,종사자 지위 구성비,https://stat.molit.go.kr/portal/cate/viewChk.do?hRsId=492&hFormId=5714
토지,승인통계,공간정보산업조사,종사자 지위 구성비(종료),https://stat.molit.go.kr/portal/cate/viewChk.do?hRsId=492&hFormId=5664
토지,승인통계,공간정보산업조사,종사자 학력 구성비,https://stat.molit.go.kr/portal/cate/viewChk.do?hRsId=492&hFormId=5668
토지,승인통계,외국인토지현황,1. 전국 외국인 토지보유현황,https://stat.molit.go.kr/portal/cate/viewChk.do?hRsId=26&hFormId=6044
토지,승인통계,외국인토지현황,2.시도별 외국인 토지보유현황,https://stat.molit.go.kr/portal/cate/viewChk.do?hRsId=26&hFormId=6045
토지,승인통계,외국인토지현황,시도별 외국인 토지보유현황(종료),https://stat.molit.go.kr/portal/cate/viewChk.do?hRsId=26&hFormId=1132
토지,승인통계,외국인토지현황,시도별 외국인 토지보유현황(종료),https://stat.molit.go.kr/portal/cate/viewChk.do?hRsId=26&hFormId=5878
토지,승인통계,외국인토지현황,전국 외국인 토지보유현황(종료),https://stat.molit.go.kr/portal/cate/viewChk.do?hRsId=26&hFormId=1134
토지,승인통계,외국인토지현황,전국 외국인 토지보유현황(종료),https://stat.molit.go.kr/portal/cate/viewChk.do?hRsId=26&hFormId=5879
토지,승인통계,지적통계,소유구분별·지목별 국토이용현황,https://stat.molit.go.kr/portal/cate/viewChk.do?hRsId=24&hFormId=1182
토지,승인통계,지적통계,행정구역별·소유구분별 국토이용현황,https://stat.molit.go.kr/portal/cate/viewChk.do?hRsId=24&hFormId=5408
토지,승인통계,지적통계,행정구역별·지목별 국토이용현황,https://stat.molit.go.kr/portal/cate/viewChk.do?hRsId=24&hFormId=1246
토지,승인통계,지적통계,행정구역별·지목별 국토이용현황_시군구,https://stat.molit.go.kr/portal/cate/viewChk.do?hRsId=24&hFormId=2300
토지,승인통계,택지예정지구지정 및 공급현황,시행자별 택지지정 및 공급현황,https://stat.molit.go.kr/portal/cate/viewChk.do?hRsId=28&hFormId=5546
토지,승인통계,택지예정지구지정 및 공급현황,지역별 택지지정 및 공급현황,https://stat.molit.go.kr/portal/cate/viewChk.do?hRsId=28&hFormId=5547
토지,승인통계,토지소유현황,01. 토지 소유구분별 기본 현황,https://stat.molit.go.kr/portal/cate/viewChk.do?hRsId=25&hFormId=6058
토지,승인통계,토지소유현황,01. 토지 소유구분별 기본 현황_시군구,https://stat.molit.go.kr/portal/cate/viewChk.do?hRsId=25&hFormId=6214
토지,승인통계,토지소유현황,01.토지 소유구분별 기본 현황(종료),https://stat.molit.go.kr/portal/cate/viewChk.do?hRsId=25&hFormId=5730
토지,승인통계,토지소유현황,01.토지 소유구분별 기본 현황(종료),https://stat.molit.go.kr/portal/cate/viewChk.do?hRsId=25&hFormId=5890
토지,승인통계,토지소유현황,02. 토지 용도지역별 기본 현황,https://stat.molit.go.kr/portal/cate/viewChk.do?hRsId=25&hFormId=6059
토지,승인통계,토지소유현황,02. 토지 용도지역별 기본 현황_시군구,https://stat.molit.go.kr/portal/cate/viewChk.do?hRsId=25&hFormId=6215
토지,승인통계,토지소유현황,02.토지 용도지역별 기본 현황(종료),https://stat.molit.go.kr/portal/cate/viewChk.do?hRsId=25&hFormId=5731
토지,승인통계,토지소유현황,03. 토지 지목별 기본 현황,https://stat.molit.go.kr/portal/cate/viewChk.do?hRsId=25&hFormId=6060
토지,승인통계,토지소유현황,03. 토지 지목별 기본 현황_시군구,https://stat.molit.go.kr/portal/cate/viewChk.do?hRsId=25&hFormId=6216
토지,승인통계,토지소유현황,03.토지 지목별 기본 현황(종료),https://stat.molit.go.kr/portal/cate/viewChk.do?hRsId=25&hFormId=5732
토지,승인통계,토지소유현황,04.토지거래 회전율 기본 현황,https://stat.molit.go.kr/portal/cate/viewChk.do?hRsId=25&hFormId=6055
토지,승인통계,토지소유현황,04.토지거래 회전율 기본 현황_시군구,https://stat.molit.go.kr/portal/cate/viewChk.do?hRsId=25&hFormId=6218
토지,승인통계,토지소유현황,05.개인 토지의 용도지역별 현황,https://stat.molit.go.kr/portal/cate/viewChk.do?hRsId=25&hFormId=6061
토지,승인통계,토지소유현황,05.개인 토지의 용도지역별 현황(종료),https://stat.molit.go.kr/portal/cate/viewChk.do?hRsId=25&hFormId=5733
토지,승인통계,토지소유현황,05.개인 토지의 용도지역별 현황_시군구,https://stat.molit.go.kr/portal/cate/viewChk.do?hRsId=25&hFormId=6219
토지,승인통계,토지소유현황,06.개인 토지의 지목별 현황,https://stat.molit.go.kr/portal/cate/viewChk.do?hRsId=25&hFormId=6062
토지,승인통계,토지소유현황,06.개인 토지의 지목별 현황(종료),https://stat.molit.go.kr/portal/cate/viewChk.do?hRsId=25&hFormId=5734
토지,승인통계,토지소유현황,06.개인 토지의 지목별 현황_시군구,https://stat.molit.go.kr/portal/cate/viewChk.do?hRsId=25&hFormId=6220
토지,승인통계,토지소유현황,07.개인 토지의 면적규모별 소유자수 현황,https://stat.molit.go.kr/portal/cate/viewChk.do?hRsId=25&hFormId=5900
토지,승인통계,토지소유현황,07.개인 토지의 면적규모별 소유자수 현황_시군구,https://stat.molit.go.kr/portal/cate/viewChk.do?hRsId=25&hFormId=6221
토지,승인통계,토지소유현황,08.개인 토지의 가액규모별 소유자수 현황,https://stat.molit.go.kr/portal/cate/viewChk.do?hRsId=25&hFormId=5901
토지,승인통계,토지소유현황,08.개인 토지의 가액규모별 소유자수 현황_시군구,https://stat.molit.go.kr/portal/cate/viewChk.do?hRsId=25&hFormId=6222
토지,승인통계,토지소유현황,09.개인 토지의 순위별 소유현황,https://stat.molit.go.kr/portal/cate/viewChk.do?hRsId=25&hFormId=6589
토지,승인통계,토지소유현황,09.개인 토지의 순위별 소유현황_시군구,https://stat.molit.go.kr/portal/cate/viewChk.do?hRsId=25&hFormId=6223
토지,승인통계,토지소유현황,10.개인 토지의 면적규모별 소유세대수 현황,https://stat.molit.go.kr/portal/cate/viewChk.do?hRsId=25&hFormId=5902
토지,승인통계,토지소유현황,10.개인 토지의 면적규모별 소유세대수 현황_시군구,https://stat.molit.go.kr/portal/cate/viewChk.do?hRsId=25&hFormId=6224
토지,승인통계,토지소유현황,11.개인 토지의 가액규모별 소유세대수 현황,https://stat.molit.go.kr/portal/cate/viewChk.do?hRsId=25&hFormId=5903
토지,승인통계,토지소유현황,11.개인 토지의 가액규모별 소유세대수 현황_시군구,https://stat.molit.go.kr/portal/cate/viewChk.do?hRsId=25&hFormId=6225
토지,승인통계,토지소유현황,12.개인 토지의 소유세대순위별 소유현황,https://stat.molit.go.kr/portal/cate/viewChk.do?hRsId=25&hFormId=6590
토지,승인통계,토지소유현황,12.개인 토지의 소유세대순위별 소유현황_시군구,https://stat.molit.go.kr/portal/cate/viewChk.do?hRsId=25&hFormId=6226
토지,승인통계,토지소유현황,13.개인 토지의 10분위별 소유세대현황,https://stat.molit.go.kr/portal/cate/viewChk.do?hRsId=25&hFormId=5741
토지,승인통계,토지소유현황,14.개인 토지의 100분위별 소유세대현황,https://stat.molit.go.kr/portal/cate/viewChk.do?hRsId=25&hFormId=5904
토지,승인통계,토지소유현황,15.개인 토지의 연령별 소유현황,https://stat.molit.go.kr/portal/cate/viewChk.do?hRsId=25&hFormId=6074
토지,승인통계,토지소유현황,15.개인 토지의 연령별 소유현황(종료),https://stat.molit.go.kr/portal/cate/viewChk.do?hRsId=25&hFormId=5743
토지,승인통계,토지소유현황,15.개인 토지의 연령별 소유현황(종료),https://stat.molit.go.kr/portal/cate/viewChk.do?hRsId=25&hFormId=5744
토지,승인통계,토지소유현황,15.개인 토지의 연령별 소유현황_시군구,https://stat.molit.go.kr/portal/cate/viewChk.do?hRsId=25&hFormId=6227
토지,승인통계,토지소유현황,16.개인 토지의 성별 연령별 소유현황,https://stat.molit.go.kr/portal/cate/viewChk.do?hRsId=25&hFormId=6076
토지,승인통계,토지소유현황,16.개인 토지의 성별 연령별 소유현황_시군구,https://stat.molit.go.kr/portal/cate/viewChk.do?hRsId=25&hFormId=6228
토지,승인통계,토지소유현황,17.소유자 거주지별 토지소유 면적현황(물건소재지 기준),https://stat.molit.go.kr/portal/cate/viewChk.do?hRsId=25&hFormId=6073
토지,승인통계,토지소유현황,17.소유자 거주지별 토지소유 면적현황(물건소재지 기준) 시군구,https://stat.molit.go.kr/portal/cate/viewChk.do?hRsId=25&hFormId=6229
토지,승인통계,토지소유현황,17.소유자 거주지별 토지소유 면적현황(물건소재지 기준)(종료),https://stat.molit.go.kr/portal/cate/viewChk.do?hRsId=25&hFormId=5745
토지,승인통계,토지소유현황,18.소유자 거주지별 토지소유 면적현황(소유자주소지 기준),https://stat.molit.go.kr/portal/cate/viewChk.do?hRsId=25&hFormId=6070
토지,승인통계,토지소유현황,18.소유자 거주지별 토지소유 면적현황(소유자주소지 기준) 시군구,https://stat.molit.go.kr/portal/cate/viewChk.do?hRsId=25&hFormId=6230
토지,승인통계,토지소유현황,18.소유자 거주지별 토지소유 면적현황(소유자주소지 기준)(종료),https://stat.molit.go.kr/portal/cate/viewChk.do?hRsId=25&hFormId=5746
토지,승인통계,토지소유현황,19.소유자 거주지별 토지소유 가액현황(물건소재지 기준),https://stat.molit.go.kr/portal/cate/viewChk.do?hRsId=25&hFormId=6071
토지,승인통계,토지소유현황,19.소유자 거주지별 토지소유 가액현황(물건소재지 기준) 시군구,https://stat.molit.go.kr/portal/cate/viewChk.do?hRsId=25&hFormId=6231
토지,승인통계,토지소유현황,19.소유자 거주지별 토지소유 가액현황(물건소재지 기준)(종료),https://stat.molit.go.kr/portal/cate/viewChk.do?hRsId=25&hFormId=5905
토지,승인통계,토지소유현황,20.소유자 거주지별 토지소유 가액현황(소유자주소지 기준),https://stat.molit.go.kr/portal/cate/viewChk.do?hRsId=25&hFormId=6072
토지,승인통계,토지소유현황,20.소유자 거주지별 토지소유 가액현황(소유자주소지 기준) 시군구,https://stat.molit.go.kr/portal/cate/viewChk.do?hRsId=25&hFormId=6232
토지,승인통계,토지소유현황,20.소유자 거주지별 토지소유 가액현황(소유자주소지 기준)(종료),https://stat.molit.go.kr/portal/cate/viewChk.do?hRsId=25&hFormId=5906
토지,승인통계,토지소유현황,21.법인 토지의 용도지역별 현황,https://stat.molit.go.kr/portal/cate/viewChk.do?hRsId=25&hFormId=6067
토지,승인통계,토지소유현황,21.법인 토지의 용도지역별 현황(종료),https://stat.molit.go.kr/portal/cate/viewChk.do?hRsId=25&hFormId=5749
토지,승인통계,토지소유현황,21.법인 토지의 용도지역별 현황_시군구,https://stat.molit.go.kr/portal/cate/viewChk.do?hRsId=25&hFormId=6233
토지,승인통계,토지소유현황,22.법인 토지의 지목별 현황,https://stat.molit.go.kr/portal/cate/viewChk.do?hRsId=25&hFormId=6066
토지,승인통계,토지소유현황,22.법인 토지의 지목별 현황(종료),https://stat.molit.go.kr/portal/cate/viewChk.do?hRsId=25&hFormId=5750
토지,승인통계,토지소유현황,22.법인 토지의 지목별 현황_시군구,https://stat.molit.go.kr/portal/cate/viewChk.do?hRsId=25&hFormId=6234
토지,승인통계,토지소유현황,23.법인 토지의 면적규모별 소유자수(법인수) 현황,https://stat.molit.go.kr/portal/cate/viewChk.do?hRsId=25&hFormId=5907
토지,승인통계,토지소유현황,23.법인 토지의 면적규모별 소유자수(법인수) 현황_시군구,https://stat.molit.go.kr/portal/cate/viewChk.do?hRsId=25&hFormId=6235
토지,승인통계,토지소유현황,24.법인 토지의 가액규모별 소유자(법인수) 현황,https://stat.molit.go.kr/portal/cate/viewChk.do?hRsId=25&hFormId=5908
토지,승인통계,토지소유현황,24.법인 토지의 가액규모별 소유자(법인수) 현황_시군구,https://stat.molit.go.kr/portal/cate/viewChk.do?hRsId=25&hFormId=6236
토지,승인통계,토지소유현황,25.법인 토지의 10분위별 소유현황,https://stat.molit.go.kr/portal/cate/viewChk.do?hRsId=25&hFormId=5909
토지,승인통계,토지소유현황,26.법인 토지의 100분위별 소유현황,https://stat.molit.go.kr/portal/cate/viewChk.do?hRsId=25&hFormId=5910
토지,승인통계,토지소유현황,27.비법인 토지의 용도지역별 현황,https://stat.molit.go.kr/portal/cate/viewChk.do?hRsId=25&hFormId=6075
토지,승인통계,토지소유현황,27.비법인 토지의 용도지역별 현황(종료),https://stat.molit.go.kr/portal/cate/viewChk.do?hRsId=25&hFormId=5755
토지,승인통계,토지소유현황,27.비법인 토지의 용도지역별 현황_시군구,https://stat.molit.go.kr/portal/cate/viewChk.do?hRsId=25&hFormId=6237
토지,승인통계,토지소유현황,28.비법인 종중 토지의 용도지역별 현황,https://stat.molit.go.kr/portal/cate/viewChk.do?hRsId=25&hFormId=6069
토지,승인통계,토지소유현황,28.비법인 종중 토지의 용도지역별 현황(종료),https://stat.molit.go.kr/portal/cate/viewChk.do?hRsId=25&hFormId=5911
토지,승인통계,토지소유현황,28.비법인 종중 토지의 용도지역별 현황_시군구,https://stat.molit.go.kr/portal/cate/viewChk.do?hRsId=25&hFormId=6238
토지,승인통계,토지소유현황,29.비법인 종교단체 토지의 용도지역별 현황,https://stat.molit.go.kr/portal/cate/viewChk.do?hRsId=25&hFormId=6068
토지,승인통계,토지소유현황,29.비법인 종교단체 토지의 용도지역별 현황(종교),https://stat.molit.go.kr/portal/cate/viewChk.do?hRsId=25&hFormId=5912
토지,승인통계,토지소유현황,29.비법인 종교단체 토지의 용도지역별 현황_시군구,https://stat.molit.go.kr/portal/cate/viewChk.do?hRsId=25&hFormId=6239
토지,승인통계,토지소유현황,30.비법인 기타단체 토지의 용도지역별 현황,https://stat.molit.go.kr/portal/cate/viewChk.do?hRsId=25&hFormId=6065
토지,승인통계,토지소유현황,30.비법인 기타단체 토지의 용도지역별 현황(종료),https://stat.molit.go.kr/portal/cate/viewChk.do?hRsId=25&hFormId=5913
토지,승인통계,토지소유현황,30.비법인 기타단체 토지의 용도지역별 현황_시군구,https://stat.molit.go.kr/portal/cate/viewChk.do?hRsId=25&hFormId=6240
토지,승인통계,토지소유현황,31.비법인 토지의 지목별 현황,https://stat.molit.go.kr/portal/cate/viewChk.do?hRsId=25&hFormId=6064
토지,승인통계,토지소유현황,31.비법인 토지의 지목별 현황(종료),https://stat.molit.go.kr/portal/cate/viewChk.do?hRsId=25&hFormId=5759
토지,승인통계,토지소유현황,31.비법인 토지의 지목별 현황_시군구,https://stat.molit.go.kr/portal/cate/viewChk.do?hRsId=25&hFormId=6241
토지,승인통계,토지소유현황,32.비법인 종중 토지의 지목별 현황,https://stat.molit.go.kr/portal/cate/viewChk.do?hRsId=25&hFormId=5914
토지,승인통계,토지소유현황,32.비법인 종중 토지의 지목별 현황_시군구,https://stat.molit.go.kr/portal/cate/viewChk.do?hRsId=25&hFormId=6242
토지,승인통계,토지소유현황,33.비법인 종교단체 토지의 지목별 현황,https://stat.molit.go.kr/portal/cate/viewChk.do?hRsId=25&hFormId=5915
토지,승인통계,토지소유현황,33.비법인 종교단체 토지의 지목별 현황_시군구,https://stat.molit.go.kr/portal/cate/viewChk.do?hRsId=25&hFormId=6243
토지,승인통계,토지소유현황,34.비법인 기타단체 토지의 지목별 현황,https://stat.molit.go.kr/portal/cate/viewChk.do?hRsId=25&hFormId=5916
토지,승인통계,토지소유현황,34.비법인 기타단체 토지의 지목별 현황_시군구,https://stat.molit.go.kr/portal/cate/viewChk.do?hRsId=25&hFormId=6244
토지,승인통계,토지소유현황,35.비법인 토지의 면적규모별 소유자(비법인수) 현황,https://stat.molit.go.kr/portal/cate/viewChk.do?hRsId=25&hFormId=5917
토지,승인통계,토지소유현황,35.비법인 토지의 면적규모별 소유자(비법인수) 현황_시군구,https://stat.molit.go.kr/portal/cate/viewChk.do?hRsId=25&hFormId=6245
토지,승인통계,토지소유현황,36.비법인 토지의 가액규모별 소유자(비법인수) 현황,https://stat.molit.go.kr/portal/cate/viewChk.do?hRsId=25&hFormId=5918
토지,승인통계,토지소유현황,36.비법인 토지의 가액규모별 소유자(비법인수) 현황_시군구,https://stat.molit.go.kr/portal/cate/viewChk.do?hRsId=25&hFormId=6246
토지,승인통계,토지소유현황,37.비법인 토지의 10분위별 소유 현황,https://stat.molit.go.kr/portal/cate/viewChk.do?hRsId=25&hFormId=5919
토지,승인통계,토지소유현황,38.비법인 토지의 100분위별 소유 현황,https://stat.molit.go.kr/portal/cate/viewChk.do?hRsId=25&hFormId=5920
토지,승인통계,토지소유현황,39. 외국인 외국공공기관 토지의 용도지역별 현황(종료),https://stat.molit.go.kr/portal/cate/viewChk.do?hRsId=25&hFormId=5922
토지,승인통계,토지소유현황,39.비법인 토지의 유형별 소유 현황,https://stat.molit.go.kr/portal/cate/viewChk.do?hRsId=25&hFormId=6063
토지,승인통계,토지소유현황,39.비법인 토지의 유형별 소유 현황(종료),https://stat.molit.go.kr/portal/cate/viewChk.do?hRsId=25&hFormId=5921
토지,승인통계,토지소유현황,39.비법인 토지의 유형별 소유 현황_시군구,https://stat.molit.go.kr/portal/cate/viewChk.do?hRsId=25&hFormId=6249
토지,행정자료,개발부담금 부과 및 징수현황,개발부담금부과및징수실적,https://stat.molit.go.kr/portal/cate/viewChk.do?hRsId=386&hFormId=4880
토지,행정자료,개업공인중개사 현황(분기별),분기별 개업공인중개사 증감현황,https://stat.molit.go.kr/portal/cate/viewChk.do?hRsId=292&hFormId=6201
토지,행정자료,개업공인중개사 현황(분기별),시도별 개업공인중개사 등록현황,https://stat.molit.go.kr/portal/cate/viewChk.do?hRsId=292&hFormId=4618
토지,행정자료,부동산개발 전문인력 교육기관 지정현황,부동산개발 전문인력 교육기관 지정현황,https://stat.molit.go.kr/portal/cate/viewChk.do?hRsId=293&hFormId=4770
토지,행정자료,부동산개발업등록현황_총괄,부동산개발업등록현황_총괄,https://stat.molit.go.kr/portal/cate/viewChk.do?hRsId=291&hFormId=4624
토지,행정자료,중앙토지수용위원회 재결처리 현황,중앙토지수용위원회 재결처리 현황,https://stat.molit.go.kr/portal/cate/viewChk.do?hRsId=473&hFormId=5395
건설,승인통계,건설공사계약통계,계약규모 순위별 건설공사계약 금액,https://stat.molit.go.kr/portal/cate/viewChk.do?hRsId=514&hFormId=6017
건설,승인통계,건설공사계약통계,발주자별 공종별건설공사계약액 추이,https://stat.molit.go.kr/portal/cate/viewChk.do?hRsId=514&hFormId=6015
건설,승인통계,건설공사계약통계,본사소재지별 건설공사계약 금액,https://stat.molit.go.kr/portal/cate/viewChk.do?hRsId=514&hFormId=6019
건설,승인통계,건설공사계약통계,세부공종별 건설공사계약액 추이 ,https://stat.molit.go.kr/portal/cate/viewChk.do?hRsId=514&hFormId=6016
건설,승인통계,건설공사계약통계,현장소재지별 건설공사계약 금액,https://stat.molit.go.kr/portal/cate/viewChk.do?hRsId=514&hFormId=6018
건설,승인통계,기계설비산업실태조사,가장 구하기 어려운 건설인력 유형,https://stat.molit.go.kr/portal/cate/viewChk.do?hRsId=552&hFormId=6657
건설,승인통계,기계설비산업실태조사,경력별 신규고용자 수 (평균),https://stat.molit.go.kr/portal/cate/viewChk.do?hRsId=552&hFormId=6610
건설,승인통계,기계설비산업실태조사,경력별 인력 채용의 어려움을 겪은 경험 (복수응답),https://stat.molit.go.kr/portal/cate/viewChk.do?hRsId=552&hFormId=6612
건설,승인통계,기계설비산업실태조사,공공 및 민간공사의 원도급 수주 경험,https://stat.molit.go.kr/portal/cate/viewChk.do?hRsId=552&hFormId=6641
건설,승인통계,기계설비산업실태조사,공공 및 민간공사의 하도급 수주 경험,https://stat.molit.go.kr/portal/cate/viewChk.do?hRsId=552&hFormId=6646
건설,승인통계,기계설비산업실태조사,공공공사의 원도급 수주율,https://stat.molit.go.kr/portal/cate/viewChk.do?hRsId=552&hFormId=6643
건설,승인통계,기계설비산업실태조사,공공공사의 원도급 입찰/수주 건수,https://stat.molit.go.kr/portal/cate/viewChk.do?hRsId=552&hFormId=6642
건설,승인통계,기계설비산업실태조사,공공공사의 원도급 입찰/수주 건수,https://stat.molit.go.kr/portal/cate/viewChk.do?hRsId=552&hFormId=6895
건설,승인통계,기계설비산업실태조사,공공공사의 하도급 공사 실행률,https://stat.molit.go.kr/portal/cate/viewChk.do?hRsId=552&hFormId=6653
건설,승인통계,기계설비산업실태조사,공공공사의 하도급 낙찰률,https://stat.molit.go.kr/portal/cate/viewChk.do?hRsId=552&hFormId=6651
건설,승인통계,기계설비산업실태조사,공공공사의 하도급 수주율,https://stat.molit.go.kr/portal/cate/viewChk.do?hRsId=552&hFormId=6648
건설,승인통계,기계설비산업실태조사,공공공사의 하도급 입찰/수주 건수,https://stat.molit.go.kr/portal/cate/viewChk.do?hRsId=552&hFormId=6897
건설,승인통계,기계설비산업실태조사,공공공사의 하도급 입찰/수주 건수,https://stat.molit.go.kr/portal/cate/viewChk.do?hRsId=552&hFormId=6647
건설,승인통계,기계설비산업실태조사,근속연수별 종사자 수 (평균),https://stat.molit.go.kr/portal/cate/viewChk.do?hRsId=552&hFormId=6607
건설,승인통계,기계설비산업실태조사,금년 공사현장의 산업재해 발생 현황,https://stat.molit.go.kr/portal/cate/viewChk.do?hRsId=552&hFormId=6675
건설,승인통계,기계설비산업실태조사,금년 기계설비분야 평균 연구개발 건수 및 투자액,https://stat.molit.go.kr/portal/cate/viewChk.do?hRsId=552&hFormId=6622
건설,승인통계,기계설비산업실태조사,금년 대비 내년 업황 전망,https://stat.molit.go.kr/portal/cate/viewChk.do?hRsId=552&hFormId=6620
건설,승인통계,기계설비산업실태조사,금년 외부기관으로부터 지원 받은 현황,https://stat.molit.go.kr/portal/cate/viewChk.do?hRsId=552&hFormId=6625
건설,승인통계,기계설비산업실태조사,금년 원도급자로부터 부당요구(계약 체결 또는 건설공사의 시공 관련)를 강요당한 경험 및 공사비율,https://stat.molit.go.kr/portal/cate/viewChk.do?hRsId=552&hFormId=6664
건설,승인통계,기계설비산업실태조사,금년 재무 현황,https://stat.molit.go.kr/portal/cate/viewChk.do?hRsId=552&hFormId=6892
건설,승인통계,기계설비산업실태조사,금년 재무 현황,https://stat.molit.go.kr/portal/cate/viewChk.do?hRsId=552&hFormId=6614
건설,승인통계,기계설비산업실태조사,금년 표준시장단가 적용 건설공사의 공사비 산정방식별 평균 비중,https://stat.molit.go.kr/portal/cate/viewChk.do?hRsId=552&hFormId=6671
건설,승인통계,기계설비산업실태조사,금년 표준시장단가 적용 건설공사의 수주경험,https://stat.molit.go.kr/portal/cate/viewChk.do?hRsId=552&hFormId=6670
건설,승인통계,기계설비산업실태조사,기계설비공사업 근속연수별 종사자 수 (평균),https://stat.molit.go.kr/portal/cate/viewChk.do?hRsId=552&hFormId=6889
건설,승인통계,기계설비산업실태조사,기계설비공사업 기술자격별 종사자 수 (평균),https://stat.molit.go.kr/portal/cate/viewChk.do?hRsId=552&hFormId=6891
건설,승인통계,기계설비산업실태조사,기계설비공사업 분야별 매출 비중,https://stat.molit.go.kr/portal/cate/viewChk.do?hRsId=552&hFormId=6893
건설,승인통계,기계설비산업실태조사,기계설비공사업 분야별 매출 비중,https://stat.molit.go.kr/portal/cate/viewChk.do?hRsId=552&hFormId=6615
건설,승인통계,기계설비산업실태조사,기계설비공사업 학력별 종사자 수 (평균),https://stat.molit.go.kr/portal/cate/viewChk.do?hRsId=552&hFormId=6890
건설,승인통계,기계설비산업실태조사,기계설비공사업 해외 매출액,https://stat.molit.go.kr/portal/cate/viewChk.do?hRsId=552&hFormId=6894
건설,승인통계,기계설비산업실태조사,기계설비법 제정에 따른 사업 강화 계획 (복수응답),https://stat.molit.go.kr/portal/cate/viewChk.do?hRsId=552&hFormId=6660
건설,승인통계,기계설비산업실태조사,기계설비법 제정의 기대효과 (복수응답),https://stat.molit.go.kr/portal/cate/viewChk.do?hRsId=552&hFormId=6659
건설,승인통계,기계설비산업실태조사,기계설비산업 관련 사업활동 수행의 애로사항 (1+2순위),https://stat.molit.go.kr/portal/cate/viewChk.do?hRsId=552&hFormId=6626
건설,승인통계,기계설비산업실태조사,"기계설비산업 육성을 위한 유형별 정책 지원사항 필요 정도 (개발 : 품질관리, 신기술 개발 등 R&D 지원)",https://stat.molit.go.kr/portal/cate/viewChk.do?hRsId=552&hFormId=6631
건설,승인통계,기계설비산업실태조사,기계설비산업 육성을 위한 유형별 정책 지원사항 필요 정도 (인력컨설팅 : 고급인력 양성 및 교육지원),https://stat.molit.go.kr/portal/cate/viewChk.do?hRsId=552&hFormId=6636
건설,승인통계,기계설비산업실태조사,기계설비산업 육성을 위한 유형별 정책 지원사항 필요 정도 (인력컨설팅 : 기계설비 관련 분야 전용 인력채용 통로 제공),https://stat.molit.go.kr/portal/cate/viewChk.do?hRsId=552&hFormId=6637
건설,승인통계,기계설비산업실태조사,기계설비산업 육성을 위한 유형별 정책 지원사항 필요 정도 (인력컨설팅 : 기능인력 양성 및 교육지원),https://stat.molit.go.kr/portal/cate/viewChk.do?hRsId=552&hFormId=6635
건설,승인통계,기계설비산업실태조사,기계설비산업 육성을 위한 유형별 정책 지원사항 필요 정도 (인력컨설팅 : 신규 채용인력 인건비 지원),https://stat.molit.go.kr/portal/cate/viewChk.do?hRsId=552&hFormId=6638
건설,승인통계,기계설비산업실태조사,기계설비산업 육성을 위한 유형별 정책 지원사항 필요 정도 (인프라 : 신기술 개발 시설·장비 지원),https://stat.molit.go.kr/portal/cate/viewChk.do?hRsId=552&hFormId=6639
건설,승인통계,기계설비산업실태조사,기계설비산업 육성을 위한 유형별 정책 지원사항 필요 정도 (인프라 : 지원시설 제공),https://stat.molit.go.kr/portal/cate/viewChk.do?hRsId=552&hFormId=6640
건설,승인통계,기계설비산업실태조사,기계설비산업 육성을 위한 유형별 정책 지원사항 필요 정도 (자금 : 세금 감면 지원),https://stat.molit.go.kr/portal/cate/viewChk.do?hRsId=552&hFormId=6630
건설,승인통계,기계설비산업실태조사,"기계설비산업 육성을 위한 유형별 정책 지원사항 필요 정도 (자금 : 융자, 외부투자 등 자금지원)",https://stat.molit.go.kr/portal/cate/viewChk.do?hRsId=552&hFormId=6629
건설,승인통계,기계설비산업실태조사,"기계설비산업 육성을 위한 유형별 정책 지원사항 필요 정도 (제도 : 공공, 민간 간의 소통활성화를 위한 창구마련)",https://stat.molit.go.kr/portal/cate/viewChk.do?hRsId=552&hFormId=6628
건설,승인통계,기계설비산업실태조사,기계설비산업 육성을 위한 유형별 정책 지원사항 필요 정도 (판로 : 정부 발주사업의 다양화),https://stat.molit.go.kr/portal/cate/viewChk.do?hRsId=552&hFormId=6634
건설,승인통계,기계설비산업실태조사,기계설비산업 육성을 위한 유형별 정책 지원사항 필요 정도 (판로 : 해외 시장 및 기술 정보제공 확대),https://stat.molit.go.kr/portal/cate/viewChk.do?hRsId=552&hFormId=6633
건설,승인통계,기계설비산업실태조사,기계설비산업 육성을 위한 유형별 정책 지원사항 필요 정도 (판로 : 해외진출지원사업 확대),https://stat.molit.go.kr/portal/cate/viewChk.do?hRsId=552&hFormId=6632
건설,승인통계,기계설비산업실태조사,기술자격별 종사자 수 (평균),https://stat.molit.go.kr/portal/cate/viewChk.do?hRsId=552&hFormId=6609
건설,승인통계,기계설비산업실태조사,기업 인증 보유현황 (복수응답),https://stat.molit.go.kr/portal/cate/viewChk.do?hRsId=552&hFormId=6598
건설,승인통계,기계설비산업실태조사,기타종사자 종사자 수 (평균),https://stat.molit.go.kr/portal/cate/viewChk.do?hRsId=552&hFormId=6887
건설,승인통계,기계설비산업실태조사,기타종사자 종사자 수 (평균),https://stat.molit.go.kr/portal/cate/viewChk.do?hRsId=552&hFormId=6605
건설,승인통계,기계설비산업실태조사,무급가족종사자 종사자 수 (평균),https://stat.molit.go.kr/portal/cate/viewChk.do?hRsId=552&hFormId=6604
건설,승인통계,기계설비산업실태조사,무급가족종사자 종사자 수 (평균),https://stat.molit.go.kr/portal/cate/viewChk.do?hRsId=552&hFormId=6886
건설,승인통계,기계설비산업실태조사,민간공사의 원도급 수주율,https://stat.molit.go.kr/portal/cate/viewChk.do?hRsId=552&hFormId=6645
건설,승인통계,기계설비산업실태조사,민간공사의 원도급 입찰/수주 건수,https://stat.molit.go.kr/portal/cate/viewChk.do?hRsId=552&hFormId=6644
건설,승인통계,기계설비산업실태조사,민간공사의 원도급 입찰/수주 건수,https://stat.molit.go.kr/portal/cate/viewChk.do?hRsId=552&hFormId=6896
건설,승인통계,기계설비산업실태조사,민간공사의 하도급 공사 실행률,https://stat.molit.go.kr/portal/cate/viewChk.do?hRsId=552&hFormId=6654
건설,승인통계,기계설비산업실태조사,민간공사의 하도급 낙찰률,https://stat.molit.go.kr/portal/cate/viewChk.do?hRsId=552&hFormId=6652
건설,승인통계,기계설비산업실태조사,민간공사의 하도급 수주율,https://stat.molit.go.kr/portal/cate/viewChk.do?hRsId=552&hFormId=6650
건설,승인통계,기계설비산업실태조사,민간공사의 하도급 입찰/수주 건수,https://stat.molit.go.kr/portal/cate/viewChk.do?hRsId=552&hFormId=6898
건설,승인통계,기계설비산업실태조사,민간공사의 하도급 입찰/수주 건수,https://stat.molit.go.kr/portal/cate/viewChk.do?hRsId=552&hFormId=6649
건설,승인통계,기계설비산업실태조사,발주자와 원도급자의 서면승낙을 모두 받아 재하도급을 하도록 하는 현행 제도에 대한 견해,https://stat.molit.go.kr/portal/cate/viewChk.do?hRsId=552&hFormId=6665
건설,승인통계,기계설비산업실태조사,법정직무교육의 근로자 역량제고 및 업무에 도움 여부,https://stat.molit.go.kr/portal/cate/viewChk.do?hRsId=552&hFormId=6672
건설,승인통계,기계설비산업실태조사,법정직무교육이 도움되지 않는 이유 (1+2순위),https://stat.molit.go.kr/portal/cate/viewChk.do?hRsId=552&hFormId=6673
건설,승인통계,기계설비산업실태조사,부당하게 하도급대금을 감액 당한 이유 (복수응답),https://stat.molit.go.kr/portal/cate/viewChk.do?hRsId=552&hFormId=6663
건설,승인통계,기계설비산업실태조사,사업분야 (복수응답),https://stat.molit.go.kr/portal/cate/viewChk.do?hRsId=552&hFormId=6882
건설,승인통계,기계설비산업실태조사,사업분야 (복수응답),https://stat.molit.go.kr/portal/cate/viewChk.do?hRsId=552&hFormId=6600
건설,승인통계,기계설비산업실태조사,산업재산권 유형별 국내 등록 평균 건수,https://stat.molit.go.kr/portal/cate/viewChk.do?hRsId=552&hFormId=6623
건설,승인통계,기계설비산업실태조사,산업재산권 유형별 국외 등록 평균 건수,https://stat.molit.go.kr/portal/cate/viewChk.do?hRsId=552&hFormId=6624
건설,승인통계,기계설비산업실태조사,상용근로자 종사자 수 (평균),https://stat.molit.go.kr/portal/cate/viewChk.do?hRsId=552&hFormId=6883
건설,승인통계,기계설비산업실태조사,상용근로자 종사자 수 (평균),https://stat.molit.go.kr/portal/cate/viewChk.do?hRsId=552&hFormId=6601
건설,승인통계,기계설비산업실태조사,상장/코스닥,https://stat.molit.go.kr/portal/cate/viewChk.do?hRsId=552&hFormId=6599
건설,승인통계,기계설비산업실태조사,안전관리비가 부족한 이유,https://stat.molit.go.kr/portal/cate/viewChk.do?hRsId=552&hFormId=6677
건설,승인통계,기계설비산업실태조사,연간 인건비 (평균),https://stat.molit.go.kr/portal/cate/viewChk.do?hRsId=552&hFormId=6606
건설,승인통계,기계설비산업실태조사,연구개발(R&D)을 위한 전담 부서 또는 인력 보유 여부,https://stat.molit.go.kr/portal/cate/viewChk.do?hRsId=552&hFormId=6621
건설,승인통계,기계설비산업실태조사,운영자금 주요 조달방법,https://stat.molit.go.kr/portal/cate/viewChk.do?hRsId=552&hFormId=6618
건설,승인통계,기계설비산업실태조사,원도급공사에서 안전관리비로 가장 많이 지출되는 항목 (1+2순위),https://stat.molit.go.kr/portal/cate/viewChk.do?hRsId=552&hFormId=6678
건설,승인통계,기계설비산업실태조사,원도급업자의 추가공사작업 지시 및 조치 형태,https://stat.molit.go.kr/portal/cate/viewChk.do?hRsId=552&hFormId=6662
건설,승인통계,기계설비산업실태조사,원도급업체가 지급하는 안전관리비의 적정성,https://stat.molit.go.kr/portal/cate/viewChk.do?hRsId=552&hFormId=6676
건설,승인통계,기계설비산업실태조사,인력 채용이 어려운 이유 (복수응답),https://stat.molit.go.kr/portal/cate/viewChk.do?hRsId=552&hFormId=6613
건설,승인통계,기계설비산업실태조사,일용근로자 고용 시 애로사항 (복수응답),https://stat.molit.go.kr/portal/cate/viewChk.do?hRsId=552&hFormId=6658
건설,승인통계,기계설비산업실태조사,임시 및 일용근로자 종사자 수 (평균),https://stat.molit.go.kr/portal/cate/viewChk.do?hRsId=552&hFormId=6884
건설,승인통계,기계설비산업실태조사,임시 및 일용근로자 종사자 수 (평균),https://stat.molit.go.kr/portal/cate/viewChk.do?hRsId=552&hFormId=6602
건설,승인통계,기계설비산업실태조사,자금사정이 악화되는 주요 원인,https://stat.molit.go.kr/portal/cate/viewChk.do?hRsId=552&hFormId=6616
건설,승인통계,기계설비산업실태조사,자금악화 현상 개선을 위한 주된 방안,https://stat.molit.go.kr/portal/cate/viewChk.do?hRsId=552&hFormId=6617
건설,승인통계,기계설비산업실태조사,자영업자 종사자 수 (평균),https://stat.molit.go.kr/portal/cate/viewChk.do?hRsId=552&hFormId=6603
건설,승인통계,기계설비산업실태조사,자영업자 종사자 수 (평균),https://stat.molit.go.kr/portal/cate/viewChk.do?hRsId=552&hFormId=6885
건설,승인통계,기계설비산업실태조사,작년 대비 금년 업황,https://stat.molit.go.kr/portal/cate/viewChk.do?hRsId=552&hFormId=6619
건설,승인통계,기계설비산업실태조사,저가 투찰한 주된 원인,https://stat.molit.go.kr/portal/cate/viewChk.do?hRsId=552&hFormId=6655
건설,승인통계,기계설비산업실태조사,저가로 낙찰된 공사의 수행방법 (복수응답),https://stat.molit.go.kr/portal/cate/viewChk.do?hRsId=552&hFormId=6656
건설,승인통계,기계설비산업실태조사,조직형태,https://stat.molit.go.kr/portal/cate/viewChk.do?hRsId=552&hFormId=6597
건설,승인통계,기계설비산업실태조사,주계약자 공동도급제도 활성화를 위해 필요한 사항 (복수응답),https://stat.molit.go.kr/portal/cate/viewChk.do?hRsId=552&hFormId=6667
건설,승인통계,기계설비산업실태조사,주계약자 공동도급제도의 확대·적용이 필요한 이유 (복수응답),https://stat.molit.go.kr/portal/cate/viewChk.do?hRsId=552&hFormId=6666
건설,승인통계,기계설비산업실태조사,총 종사자 수 (평균),https://stat.molit.go.kr/portal/cate/viewChk.do?hRsId=552&hFormId=6888
건설,승인통계,기계설비산업실태조사,퇴직인원 수 (평균),https://stat.molit.go.kr/portal/cate/viewChk.do?hRsId=552&hFormId=6611
건설,승인통계,기계설비산업실태조사,표준시장단가 제도에 대한 생각,https://stat.molit.go.kr/portal/cate/viewChk.do?hRsId=552&hFormId=6668
건설,승인통계,기계설비산업실태조사,표준시장단가 제도의 폐지[축소]를 희망하는 주된 이유,https://stat.molit.go.kr/portal/cate/viewChk.do?hRsId=552&hFormId=6669
건설,승인통계,기계설비산업실태조사,하도급공사에서 안전관리비로 가장 많이 지출되는 항목 (1+2순위),https://stat.molit.go.kr/portal/cate/viewChk.do?hRsId=552&hFormId=6679
건설,승인통계,기계설비산업실태조사,학력별 종사자 수 (평균),https://stat.molit.go.kr/portal/cate/viewChk.do?hRsId=552&hFormId=6608
건설,승인통계,기계설비산업실태조사,해외 매출액,https://stat.molit.go.kr/portal/cate/viewChk.do?hRsId=552&hFormId=6680
건설,승인통계,기계설비산업실태조사,해외 진출방법,https://stat.molit.go.kr/portal/cate/viewChk.do?hRsId=552&hFormId=6596
건설,승인통계,기계설비산업실태조사,해외 진출지역 (복수응답),https://stat.molit.go.kr/portal/cate/viewChk.do?hRsId=552&hFormId=6681
건설,승인통계,기계설비산업실태조사,해외 진출형태 (복수응답),https://stat.molit.go.kr/portal/cate/viewChk.do?hRsId=552&hFormId=6682
건설,승인통계,기계설비산업실태조사,향후 기계설비산업의 경쟁력 강화를 위하여 필요한 정보 (1+2순위),https://stat.molit.go.kr/portal/cate/viewChk.do?hRsId=552&hFormId=6627
건설,승인통계,기계설비산업실태조사,향후 필요한 교육훈련 (1+2순위),https://stat.molit.go.kr/portal/cate/viewChk.do?hRsId=552&hFormId=6674
건설,승인통계,기계설비산업실태조사,효과적인 하도급자 보호제도 (복수응답),https://stat.molit.go.kr/portal/cate/viewChk.do?hRsId=552&hFormId=6661
건설,행정자료,건설공사감리현황(2013년 이후 통계생산 중단),감리용역수행실적현황,https://stat.molit.go.kr/portal/cate/viewChk.do?hRsId=46&hFormId=934
건설,행정자료,건설공사감리현황(2013년 이후 통계생산 중단),감리원현황,https://stat.molit.go.kr/portal/cate/viewChk.do?hRsId=46&hFormId=954
건설,행정자료,건설공사감리현황(2013년 이후 통계생산 중단),감리전문회사현황,https://stat.molit.go.kr/portal/cate/viewChk.do?hRsId=46&hFormId=956
건설,행정자료,건설근로자 퇴직공제 현황,건설근로자_취업자 현황(년도),https://stat.molit.go.kr/portal/cate/viewChk.do?hRsId=392&hFormId=4236
건설,행정자료,건설근로자 퇴직공제 현황,건설근로자_퇴직공제 가입 현황,https://stat.molit.go.kr/portal/cate/viewChk.do?hRsId=392&hFormId=3746
건설,행정자료,건설근로자 퇴직공제 현황,건설근로자_피공제자 및 공제금 지급자 현황,https://stat.molit.go.kr/portal/cate/viewChk.do?hRsId=392&hFormId=3752
건설,행정자료,건설근로자 퇴직공제 현황,건설인력현황_퇴직공제기금적립,https://stat.molit.go.kr/portal/cate/viewChk.do?hRsId=392&hFormId=3750
건설,행정자료,건설기계 현황 통계,건설기계 현황통계,https://stat.molit.go.kr/portal/cate/viewChk.do?hRsId=476&hFormId=5409
건설,행정자료,건설기술인 및 용역업체 현황,건설기술인 현황(등급별),https://stat.molit.go.kr/portal/cate/viewChk.do?hRsId=506&hFormId=5883
건설,행정자료,건설기술인 및 용역업체 현황,건설기술인 현황(분야별),https://stat.molit.go.kr/portal/cate/viewChk.do?hRsId=506&hFormId=5884
건설,행정자료,건설기술인 및 용역업체 현황,건설기술인 현황(소속업체별),https://stat.molit.go.kr/portal/cate/viewChk.do?hRsId=506&hFormId=5885
건설,행정자료,건설기술인 및 용역업체 현황,건설기술인 현황(자격별),https://stat.molit.go.kr/portal/cate/viewChk.do?hRsId=506&hFormId=5886
건설,행정자료,건설신기술지정현황(연도별),건설신기술지정현황_개발주체별,https://stat.molit.go.kr/portal/cate/viewChk.do?hRsId=393&hFormId=5804
건설,행정자료,건설신기술지정현황(연도별),건설신기술지정현황_기술분야별,https://stat.molit.go.kr/portal/cate/viewChk.do?hRsId=393&hFormId=5805
건설,행정자료,건설신기술지정현황(연도별),건설신기술지정현황_연도별,https://stat.molit.go.kr/portal/cate/viewChk.do?hRsId=393&hFormId=3876
건설,행정자료,건설신기술지정현황(연도별),활용실적,https://stat.molit.go.kr/portal/cate/viewChk.do?hRsId=393&hFormId=5624
건설,행정자료,건설업체수 및 부도업체수  ,건설업체 수 및 부도업체 수_연도별,https://stat.molit.go.kr/portal/cate/viewChk.do?hRsId=474&hFormId=5398
건설,행정자료,건설업체수 및 부도업체수  ,건설업체 수 및 부도업체 수_월별,https://stat.molit.go.kr/portal/cate/viewChk.do?hRsId=474&hFormId=5399
건설,행정자료,건설자재현황_연도별 골재채취현황,연도별_골재채취현황,https://stat.molit.go.kr/portal/cate/viewChk.do?hRsId=344&hFormId=5393
건설,행정자료,민간투자사업 추진현황,민간투자사업 추진현황,https://stat.molit.go.kr/portal/cate/viewChk.do?hRsId=324&hFormId=4704
항공,승인통계,항공교통관제업무통계,관제탑 관제량(연도별),https://stat.molit.go.kr/portal/cate/viewChk.do?hRsId=79&hFormId=5354
항공,승인통계,항공교통관제업무통계,관제탑 관제량(월별),https://stat.molit.go.kr/portal/cate/viewChk.do?hRsId=79&hFormId=728
항공,승인통계,항공교통관제업무통계,접근관제소 관제량(연도별),https://stat.molit.go.kr/portal/cate/viewChk.do?hRsId=79&hFormId=5355
항공,승인통계,항공교통관제업무통계,접근관제소 관제량(월별),https://stat.molit.go.kr/portal/cate/viewChk.do?hRsId=79&hFormId=732
항공,승인통계,항공교통관제업무통계,통과 비행량(연도별),https://stat.molit.go.kr/portal/cate/viewChk.do?hRsId=79&hFormId=5356
항공,승인통계,항공교통관제업무통계,통과 비행량(월별),https://stat.molit.go.kr/portal/cate/viewChk.do?hRsId=79&hFormId=726
항공,승인통계,항공교통관제업무통계,항로 관제량(연도별),https://stat.molit.go.kr/portal/cate/viewChk.do?hRsId=79&hFormId=5357
항공,승인통계,항공교통관제업무통계,항로 관제량(월별),https://stat.molit.go.kr/portal/cate/viewChk.do?hRsId=79&hFormId=762
항공,행정자료,공항 소음대책지역 지정고시 현황,공항 소음대책지역 지정고시 현황,https://stat.molit.go.kr/portal/cate/viewChk.do?hRsId=460&hFormId=5495
항공,행정자료,국내공항시설현황,국내항공시설현황_공항시설_연도별,https://stat.molit.go.kr/portal/cate/viewChk.do?hRsId=461&hFormId=4932
항공,행정자료,국내선항공노선현황,국내선항공노선현황,https://stat.molit.go.kr/portal/cate/viewChk.do?hRsId=361&hFormId=714
항공,행정자료,국적항공사 위험물 운송현황,국적항공사 위험물 운송현황,https://stat.molit.go.kr/portal/cate/viewChk.do?hRsId=457&hFormId=5304
항공,행정자료,국제선지역별운항현황,국제선지역별운항현황-여객(연도별),https://stat.molit.go.kr/portal/cate/viewChk.do?hRsId=454&hFormId=4980
항공,행정자료,국제선지역별운항현황,국제선지역별운항현황-화물(연도별),https://stat.molit.go.kr/portal/cate/viewChk.do?hRsId=454&hFormId=5092
항공,행정자료,국제선항공노선현황,국제선항공노선현황,https://stat.molit.go.kr/portal/cate/viewChk.do?hRsId=360&hFormId=718
항공,행정자료,국제선항공노선현황,항공노선 취항추의,https://stat.molit.go.kr/portal/cate/viewChk.do?hRsId=360&hFormId=720
항공,행정자료,주요 항행안전시설 현황,주요 항행안전시설 현황,https://stat.molit.go.kr/portal/cate/viewChk.do?hRsId=459&hFormId=4778
항공,행정자료,지방공항국제선운항현황연도별,지방공항국제선운항현황(연도별),https://stat.molit.go.kr/portal/cate/viewChk.do?hRsId=456&hFormId=4972
항공,행정자료,항공기등록현황,항공기등록현황_업체별보유현황(년별),https://stat.molit.go.kr/portal/cate/viewChk.do?hRsId=462&hFormId=4764
항공,행정자료,항공기등록현황,항공기등록현황_운송용항공기(년별),https://stat.molit.go.kr/portal/cate/viewChk.do?hRsId=462&hFormId=4766
항공,행정자료,항공기등록현황,항공기등록현황_운송용항공기기령(년별),https://stat.molit.go.kr/portal/cate/viewChk.do?hRsId=462&hFormId=4768
항공,행정자료,항공기등록현황,항공기등록현황_총괄(년별),https://stat.molit.go.kr/portal/cate/viewChk.do?hRsId=462&hFormId=4762
항공,행정자료,항공사고 현황,항공사고현황(연도별),https://stat.molit.go.kr/portal/cate/viewChk.do?hRsId=80&hFormId=734
항공,행정자료,항공종사자 자격증명 발급현황,항공종사자 자격증명 발급현황_연도별,https://stat.molit.go.kr/portal/cate/viewChk.do?hRsId=464&hFormId=4628
항공,행정자료,항공종사자 현황,항공종사자 현황_연도별,https://stat.molit.go.kr/portal/cate/viewChk.do?hRsId=523&hFormId=4630
교통/물류,승인통계,교통문화실태조사,교통문화지수 및 순위,https://stat.molit.go.kr/portal/cate/viewChk.do?hRsId=271&hFormId=6057
교통/물류,승인통계,교통부문수송실적보고,1-1. 국내·국제여객총괄,https://stat.molit.go.kr/portal/cate/viewChk.do?hRsId=54&hFormId=1050
교통/물류,승인통계,교통부문수송실적보고,1-2. 국내·국제여객 연도별 수송수단별,https://stat.molit.go.kr/portal/cate/viewChk.do?hRsId=54&hFormId=5376
교통/물류,승인통계,교통부문수송실적보고,1-3. 국내·국제여객 월별 수송수단별,https://stat.molit.go.kr/portal/cate/viewChk.do?hRsId=54&hFormId=1048
교통/물류,승인통계,교통부문수송실적보고,2-1. 국내·국제화물총괄,https://stat.molit.go.kr/portal/cate/viewChk.do?hRsId=54&hFormId=1060
교통/물류,승인통계,교통부문수송실적보고,2-2. 국내·국제화물 연도별 수송수단별,https://stat.molit.go.kr/portal/cate/viewChk.do?hRsId=54&hFormId=662
교통/물류,승인통계,교통부문수송실적보고,2-3. 국내·국제화물 월별 수송수단별,https://stat.molit.go.kr/portal/cate/viewChk.do?hRsId=54&hFormId=1062
교통/물류,승인통계,교통부문수송실적보고,3. 수송수단별 수송현황(연도별),https://stat.molit.go.kr/portal/cate/viewChk.do?hRsId=54&hFormId=1064
교통/물류,승인통계,교통부문수송실적보고,4. 수송수단별 수송현황(월별),https://stat.molit.go.kr/portal/cate/viewChk.do?hRsId=54&hFormId=1072
교통/물류,승인통계,교통부문수송실적보고,5. 수송장비현황,https://stat.molit.go.kr/portal/cate/viewChk.do?hRsId=54&hFormId=1068
교통/물류,승인통계,교통부문수송실적보고,6. 영업용 자동차 수송총괄,https://stat.molit.go.kr/portal/cate/viewChk.do?hRsId=54&hFormId=1066
교통/물류,승인통계,교통부문수송실적보고,낙도보조항로_연도별(종료),https://stat.molit.go.kr/portal/cate/viewChk.do?hRsId=54&hFormId=1304
교통/물류,승인통계,교통부문수송실적보고,낙도보조항로_월별(종료),https://stat.molit.go.kr/portal/cate/viewChk.do?hRsId=54&hFormId=1308
교통/물류,승인통계,교통부문수송실적보고,내항여객선 항로현황(종료),https://stat.molit.go.kr/portal/cate/viewChk.do?hRsId=54&hFormId=1300
교통/물류,승인통계,교통부문수송실적보고,분기별 교통산업서비스지수_국내(종료),https://stat.molit.go.kr/portal/cate/viewChk.do?hRsId=54&hFormId=2220
교통/물류,승인통계,교통부문수송실적보고,분기별 교통산업서비스지수_국제(종료),https://stat.molit.go.kr/portal/cate/viewChk.do?hRsId=54&hFormId=2222
교통/물류,승인통계,교통부문수송실적보고,여객선수송현황_연도별(종료),https://stat.molit.go.kr/portal/cate/viewChk.do?hRsId=54&hFormId=1294
교통/물류,승인통계,교통부문수송실적보고,여객선수송현황_월별(종료),https://stat.molit.go.kr/portal/cate/viewChk.do?hRsId=54&hFormId=1302
교통/물류,승인통계,교통부문수송실적보고,월별 국내 교통산업서비스지수TSI(종료),https://stat.molit.go.kr/portal/cate/viewChk.do?hRsId=54&hFormId=2224
교통/물류,승인통계,교통부문수송실적보고,월별 국제 교통산업서비스지수TSI(종료),https://stat.molit.go.kr/portal/cate/viewChk.do?hRsId=54&hFormId=2226
교통/물류,승인통계,교통부문수송실적보고,주요품목별 수송현황_연도별(종료),https://stat.molit.go.kr/portal/cate/viewChk.do?hRsId=54&hFormId=1070
교통/물류,승인통계,교통부문수송실적보고,주요품목별 수송현황_월별(종료),https://stat.molit.go.kr/portal/cate/viewChk.do?hRsId=54&hFormId=1074
교통/물류,승인통계,국가교통조사,"<여객>지역간 통행량(승용차,버스,철도,항공,해운)",https://stat.molit.go.kr/portal/cate/viewChk.do?hRsId=326&hFormId=5406
교통/물류,승인통계,국가교통조사,<화물>지역간통행량(화물자동차),https://stat.molit.go.kr/portal/cate/viewChk.do?hRsId=326&hFormId=5407
교통/물류,승인통계,국가교통조사,업종별 화물자동차 평균 보유·이용대수현황,https://stat.molit.go.kr/portal/cate/viewChk.do?hRsId=326&hFormId=5412
교통/물류,승인통계,국가교통조사,적재능력별 일평균 적재 및 공차 통행현황,https://stat.molit.go.kr/portal/cate/viewChk.do?hRsId=326&hFormId=5413
교통/물류,승인통계,국가교통조사,화물자동차 적재능력별 평균 적재현황,https://stat.molit.go.kr/portal/cate/viewChk.do?hRsId=326&hFormId=5414
교통/물류,승인통계,국가교통조사,화물자동차 적재능력별 평균 통행현황,https://stat.molit.go.kr/portal/cate/viewChk.do?hRsId=326&hFormId=5415
교통/물류,승인통계,대중교통현황조사(2007~2010),6대 특별·광역시 전용차로 유무별 대중교통 교통량비율(~2007),https://stat.molit.go.kr/portal/cate/viewChk.do?hRsId=57&hFormId=1104
교통/물류,승인통계,대중교통현황조사(2007~2010),7대 특별·광역시 교통카드 이용률(~2007),https://stat.molit.go.kr/portal/cate/viewChk.do?hRsId=57&hFormId=1096
교통/물류,승인통계,대중교통현황조사(2007~2010),7대 특별·광역시 대중교통 1일이용률(~2007),https://stat.molit.go.kr/portal/cate/viewChk.do?hRsId=57&hFormId=1092
교통/물류,승인통계,대중교통현황조사(2007~2010),노선버스 및 도시철도 운행거리(~2007),https://stat.molit.go.kr/portal/cate/viewChk.do?hRsId=57&hFormId=1094
교통/물류,승인통계,대중교통현황조사(2007~2010),대중교통 이용횟수_1주(권역별),https://stat.molit.go.kr/portal/cate/viewChk.do?hRsId=57&hFormId=2142
교통/물류,승인통계,대중교통현황조사(2007~2010),대중교통 접근수단(권역별),https://stat.molit.go.kr/portal/cate/viewChk.do?hRsId=57&hFormId=2146
교통/물류,승인통계,대중교통현황조사(2007~2010),대중교통 접근시간(권역별),https://stat.molit.go.kr/portal/cate/viewChk.do?hRsId=57&hFormId=2148
교통/물류,승인통계,대중교통현황조사(2007~2010),대중교통 환승실태(권역별),https://stat.molit.go.kr/portal/cate/viewChk.do?hRsId=57&hFormId=2124
교통/물류,승인통계,대중교통현황조사(2007~2010),대중교통점유율,https://stat.molit.go.kr/portal/cate/viewChk.do?hRsId=57&hFormId=2120
교통/물류,승인통계,대중교통현황조사(2007~2010),도시철도 운행여부에 따른 환승유형,https://stat.molit.go.kr/portal/cate/viewChk.do?hRsId=57&hFormId=1162
교통/물류,승인통계,대중교통현황조사(2007~2010),도시철도 유무별 총소요시간 대비 환승소요시간(~2007),https://stat.molit.go.kr/portal/cate/viewChk.do?hRsId=57&hFormId=1158
교통/물류,승인통계,대중교통현황조사(2007~2010),소요시간 대비 환승소요시간(권역별),https://stat.molit.go.kr/portal/cate/viewChk.do?hRsId=57&hFormId=2154
교통/물류,승인통계,대중교통현황조사(2007~2010),시도별 대중교통 이용횟수(1주)(~2007),https://stat.molit.go.kr/portal/cate/viewChk.do?hRsId=57&hFormId=1214
교통/물류,승인통계,대중교통현황조사(2007~2010),시도별 대중교통 접근수단(~2007),https://stat.molit.go.kr/portal/cate/viewChk.do?hRsId=57&hFormId=1170
교통/물류,승인통계,대중교통현황조사(2007~2010),시도별 대중교통 접근시간(~2007),https://stat.molit.go.kr/portal/cate/viewChk.do?hRsId=57&hFormId=1168
교통/물류,승인통계,대중교통현황조사(2007~2010),시도별 대중교통 환승실태(~2007),https://stat.molit.go.kr/portal/cate/viewChk.do?hRsId=57&hFormId=1088
교통/물류,승인통계,대중교통현황조사(2007~2010),시도별 주요노선 평균속도(~2007),https://stat.molit.go.kr/portal/cate/viewChk.do?hRsId=57&hFormId=1106
교통/물류,승인통계,대중교통현황조사(2007~2010),시도별 주요노선 평균이용인원(~2007),https://stat.molit.go.kr/portal/cate/viewChk.do?hRsId=57&hFormId=1176
교통/물류,승인통계,대중교통현황조사(2007~2010),시도별 주요노선 평균정체횟수(비율)(~2007),https://stat.molit.go.kr/portal/cate/viewChk.do?hRsId=57&hFormId=1108
교통/물류,승인통계,대중교통현황조사(2007~2010),시도별 주요노선 평균정체횟수(시간)(~2007),https://stat.molit.go.kr/portal/cate/viewChk.do?hRsId=57&hFormId=1110
교통/물류,승인통계,대중교통현황조사(2007~2010),시도별 주요노선운행 및 이용현황(~2007),https://stat.molit.go.kr/portal/cate/viewChk.do?hRsId=57&hFormId=1090
교통/물류,승인통계,대중교통현황조사(2007~2010),시도별 총소요시간 대비 환승소요시간(~2007),https://stat.molit.go.kr/portal/cate/viewChk.do?hRsId=57&hFormId=1160
교통/물류,승인통계,대중교통현황조사(2007~2010),시도별 터미널업체수현황(~2007),https://stat.molit.go.kr/portal/cate/viewChk.do?hRsId=57&hFormId=1102
교통/물류,승인통계,대중교통현황조사(2007~2010),시도별 터미널운영현황(~2007),https://stat.molit.go.kr/portal/cate/viewChk.do?hRsId=57&hFormId=1100
교통/물류,승인통계,대중교통현황조사(2007~2010),시도별 한달평균 대중교통비용(~2007),https://stat.molit.go.kr/portal/cate/viewChk.do?hRsId=57&hFormId=1172
교통/물류,승인통계,대중교통현황조사(2007~2010),시도별 환승유형(~2007),https://stat.molit.go.kr/portal/cate/viewChk.do?hRsId=57&hFormId=1164
교통/물류,승인통계,대중교통현황조사(2007~2010),시도별 환승횟수(~2007),https://stat.molit.go.kr/portal/cate/viewChk.do?hRsId=57&hFormId=1166
교통/물류,승인통계,대중교통현황조사(2007~2010),"시도별, 7대 특별·광역시·9개도 대중교통교통량비율(~2007)",https://stat.molit.go.kr/portal/cate/viewChk.do?hRsId=57&hFormId=1086
교통/물류,승인통계,대중교통현황조사(2007~2010),"시도별, 정체사유별 평균정체율(~2007)",https://stat.molit.go.kr/portal/cate/viewChk.do?hRsId=57&hFormId=1122
교통/물류,승인통계,대중교통현황조사(2007~2010),"시도별, 주요노선 시간대별 평균정체시간(~2007)",https://stat.molit.go.kr/portal/cate/viewChk.do?hRsId=57&hFormId=1120
교통/물류,승인통계,대중교통현황조사(2007~2010),"연도별, 업종별 버스현황",https://stat.molit.go.kr/portal/cate/viewChk.do?hRsId=57&hFormId=1098
교통/물류,승인통계,대중교통현황조사(2007~2010),월평균 대중교통비용(권역별),https://stat.molit.go.kr/portal/cate/viewChk.do?hRsId=57&hFormId=2144
교통/물류,승인통계,대중교통현황조사(2007~2010),전용차로 유무별 대중교통 교통량비율(권역·광역시)(~2008),https://stat.molit.go.kr/portal/cate/viewChk.do?hRsId=57&hFormId=2130
교통/물류,승인통계,대중교통현황조사(2007~2010),주요노선 시간대별 평균 정체시간(권역별),https://stat.molit.go.kr/portal/cate/viewChk.do?hRsId=57&hFormId=2138
교통/물류,승인통계,대중교통현황조사(2007~2010),주요노선 운행 및 이용현황(권역별),https://stat.molit.go.kr/portal/cate/viewChk.do?hRsId=57&hFormId=2122
교통/물류,승인통계,대중교통현황조사(2007~2010),주요노선 평균 이용인원(권역별),https://stat.molit.go.kr/portal/cate/viewChk.do?hRsId=57&hFormId=2140
교통/물류,승인통계,대중교통현황조사(2007~2010),주요노선 평균 정체횟수_비율(권역별),https://stat.molit.go.kr/portal/cate/viewChk.do?hRsId=57&hFormId=2134
교통/물류,승인통계,대중교통현황조사(2007~2010),주요노선 평균 정체횟수_시간(권역별),https://stat.molit.go.kr/portal/cate/viewChk.do?hRsId=57&hFormId=2136
교통/물류,승인통계,대중교통현황조사(2007~2010),주요노선 평균속도(권역별),https://stat.molit.go.kr/portal/cate/viewChk.do?hRsId=57&hFormId=2132
교통/물류,승인통계,대중교통현황조사(2007~2010),직업별 대중교통 이용횟수(1주),https://stat.molit.go.kr/portal/cate/viewChk.do?hRsId=57&hFormId=1174
교통/물류,승인통계,대중교통현황조사(2007~2010),직업별 한달평균 대중교통비용,https://stat.molit.go.kr/portal/cate/viewChk.do?hRsId=57&hFormId=1216
교통/물류,승인통계,대중교통현황조사(2007~2010),터미널 업체수 현황(특별·광역시별)(~2009),https://stat.molit.go.kr/portal/cate/viewChk.do?hRsId=57&hFormId=2126
교통/물류,승인통계,대중교통현황조사(2007~2010),터미널 운영현황(특별·광역시별),https://stat.molit.go.kr/portal/cate/viewChk.do?hRsId=57&hFormId=2128
교통/물류,승인통계,대중교통현황조사(2007~2010),통행목적별 대중교통 이용현황(~2007),https://stat.molit.go.kr/portal/cate/viewChk.do?hRsId=57&hFormId=1156
교통/물류,승인통계,대중교통현황조사(2007~2010),통행목적별 대중교통 이용현황(권역별),https://stat.molit.go.kr/portal/cate/viewChk.do?hRsId=57&hFormId=2156
교통/물류,승인통계,대중교통현황조사(2007~2010),통행목적별 소요비용,https://stat.molit.go.kr/portal/cate/viewChk.do?hRsId=57&hFormId=2158
교통/물류,승인통계,대중교통현황조사(2007~2010),통행목적별 소용비용 및 소요시간(~2007),https://stat.molit.go.kr/portal/cate/viewChk.do?hRsId=57&hFormId=1154
교통/물류,승인통계,대중교통현황조사(2007~2010),환승유형(권역별),https://stat.molit.go.kr/portal/cate/viewChk.do?hRsId=57&hFormId=2152
교통/물류,승인통계,대중교통현황조사(2007~2010),환승횟수(권역별),https://stat.molit.go.kr/portal/cate/viewChk.do?hRsId=57&hFormId=2150
교통/물류,승인통계,대중교통현황조사(2011~ ),대중교통 이용횟수_1주,https://stat.molit.go.kr/portal/cate/viewChk.do?hRsId=483&hFormId=5499
교통/물류,승인통계,대중교통현황조사(2011~ ),대중교통 환승유형,https://stat.molit.go.kr/portal/cate/viewChk.do?hRsId=483&hFormId=5605
교통/물류,승인통계,대중교통현황조사(2011~ ),대중교통과 승용차 속도비교,https://stat.molit.go.kr/portal/cate/viewChk.do?hRsId=483&hFormId=5610
교통/물류,승인통계,대중교통현황조사(2011~ ),대중교통과 승용차 속도비교,https://stat.molit.go.kr/portal/cate/viewChk.do?hRsId=483&hFormId=5685
교통/물류,승인통계,대중교통현황조사(2011~ ),대중교통점유율_시간대별 주말 탑승건수,https://stat.molit.go.kr/portal/cate/viewChk.do?hRsId=483&hFormId=5504
교통/물류,승인통계,대중교통현황조사(2011~ ),대중교통점유율_시간대별 주중 탑승건수,https://stat.molit.go.kr/portal/cate/viewChk.do?hRsId=483&hFormId=5503
교통/물류,승인통계,대중교통현황조사(2011~ ),대중교통접근수단,https://stat.molit.go.kr/portal/cate/viewChk.do?hRsId=483&hFormId=5500
교통/물류,승인통계,대중교통현황조사(2011~ ),대중교통접근시간,https://stat.molit.go.kr/portal/cate/viewChk.do?hRsId=483&hFormId=5501
교통/물류,승인통계,대중교통현황조사(2011~ ),대중교통현황조사(2019),https://stat.molit.go.kr/portal/cate/viewChk.do?hRsId=483&hFormId=6584
교통/물류,승인통계,대중교통현황조사(2011~ ),대중교통환승실태,https://stat.molit.go.kr/portal/cate/viewChk.do?hRsId=483&hFormId=5604
교통/물류,승인통계,대중교통현황조사(2011~ ),대중교통환승실태,https://stat.molit.go.kr/portal/cate/viewChk.do?hRsId=483&hFormId=5502
교통/물류,승인통계,대중교통현황조사(2011~ ),시도별 대중교통 접근수단,https://stat.molit.go.kr/portal/cate/viewChk.do?hRsId=483&hFormId=5602
교통/물류,승인통계,대중교통현황조사(2011~ ),시도별 대중교통 접근수단,https://stat.molit.go.kr/portal/cate/viewChk.do?hRsId=483&hFormId=5720
교통/물류,승인통계,대중교통현황조사(2011~ ),시도별 대중교통 접근수단,https://stat.molit.go.kr/portal/cate/viewChk.do?hRsId=483&hFormId=6196
교통/물류,승인통계,대중교통현황조사(2011~ ),시도별 대중교통 접근시간,https://stat.molit.go.kr/portal/cate/viewChk.do?hRsId=483&hFormId=5603
교통/물류,승인통계,대중교통현황조사(2011~ ),시도별 대중교통 접근시간,https://stat.molit.go.kr/portal/cate/viewChk.do?hRsId=483&hFormId=5721
교통/물류,승인통계,대중교통현황조사(2011~ ),시도별 대중교통이용횟수_1주,https://stat.molit.go.kr/portal/cate/viewChk.do?hRsId=483&hFormId=5719
교통/물류,승인통계,대중교통현황조사(2011~ ),시도별 대중교통이용횟수_1주,https://stat.molit.go.kr/portal/cate/viewChk.do?hRsId=483&hFormId=5601
교통/물류,승인통계,대중교통현황조사(2011~ ),시도별 대중교통통행목적,https://stat.molit.go.kr/portal/cate/viewChk.do?hRsId=483&hFormId=5728
교통/물류,승인통계,대중교통현황조사(2011~ ),시도별 대중교통통행목적,https://stat.molit.go.kr/portal/cate/viewChk.do?hRsId=483&hFormId=5613
교통/물류,승인통계,대중교통현황조사(2011~ ),시도별 도로부문 차종별 배출량,https://stat.molit.go.kr/portal/cate/viewChk.do?hRsId=483&hFormId=5616
교통/물류,승인통계,대중교통현황조사(2011~ ),시도별 월평균 대중교통비용,https://stat.molit.go.kr/portal/cate/viewChk.do?hRsId=483&hFormId=5608
교통/물류,승인통계,대중교통현황조사(2011~ ),시도별 월평균 대중교통비용,https://stat.molit.go.kr/portal/cate/viewChk.do?hRsId=483&hFormId=5725
교통/물류,승인통계,대중교통현황조사(2011~ ),시도별 주요노선 평균 이용인원,https://stat.molit.go.kr/portal/cate/viewChk.do?hRsId=483&hFormId=5609
교통/물류,승인통계,대중교통현황조사(2011~ ),시도별 환승소요시간,https://stat.molit.go.kr/portal/cate/viewChk.do?hRsId=483&hFormId=5722
교통/물류,승인통계,대중교통현황조사(2011~ ),시도별 환승소요시간,https://stat.molit.go.kr/portal/cate/viewChk.do?hRsId=483&hFormId=5606
교통/물류,승인통계,대중교통현황조사(2011~ ),시도별 환승유형,https://stat.molit.go.kr/portal/cate/viewChk.do?hRsId=483&hFormId=5724
교통/물류,승인통계,대중교통현황조사(2011~ ),시도별 환승유형,https://stat.molit.go.kr/portal/cate/viewChk.do?hRsId=483&hFormId=5614
교통/물류,승인통계,대중교통현황조사(2011~ ),시도별 환승횟수,https://stat.molit.go.kr/portal/cate/viewChk.do?hRsId=483&hFormId=5723
교통/물류,승인통계,대중교통현황조사(2011~ ),시도별 환승횟수,https://stat.molit.go.kr/portal/cate/viewChk.do?hRsId=483&hFormId=5615
교통/물류,승인통계,대중교통현황조사(2011~ ),업종별 버스현황,https://stat.molit.go.kr/portal/cate/viewChk.do?hRsId=483&hFormId=5507
교통/물류,승인통계,대중교통현황조사(2011~ ),월평균 대중교통비용,https://stat.molit.go.kr/portal/cate/viewChk.do?hRsId=483&hFormId=5508
교통/물류,승인통계,대중교통현황조사(2011~ ),주요노선 시간대별 평균정체시간,https://stat.molit.go.kr/portal/cate/viewChk.do?hRsId=483&hFormId=5509
교통/물류,승인통계,대중교통현황조사(2011~ ),주요노선 운행 및 이용시간,https://stat.molit.go.kr/portal/cate/viewChk.do?hRsId=483&hFormId=5510
교통/물류,승인통계,대중교통현황조사(2011~ ),주요노선 평균 이용인원,https://stat.molit.go.kr/portal/cate/viewChk.do?hRsId=483&hFormId=5511
교통/물류,승인통계,대중교통현황조사(2011~ ),주요노선 평균 이용인원 및 통행량,https://stat.molit.go.kr/portal/cate/viewChk.do?hRsId=483&hFormId=5684
교통/물류,승인통계,대중교통현황조사(2011~ ),주요노선 평균 정체횟수 비율,https://stat.molit.go.kr/portal/cate/viewChk.do?hRsId=483&hFormId=5512
교통/물류,승인통계,대중교통현황조사(2011~ ),주요노선 평균 정체횟수 시간,https://stat.molit.go.kr/portal/cate/viewChk.do?hRsId=483&hFormId=5513
교통/물류,승인통계,대중교통현황조사(2011~ ),주요노선 평균속도,https://stat.molit.go.kr/portal/cate/viewChk.do?hRsId=483&hFormId=5514
교통/물류,승인통계,대중교통현황조사(2011~ ),직업별 대중교통 이용횟수,https://stat.molit.go.kr/portal/cate/viewChk.do?hRsId=483&hFormId=5515
교통/물류,승인통계,대중교통현황조사(2011~ ),직업별 대중교통 이용횟수_1주,https://stat.molit.go.kr/portal/cate/viewChk.do?hRsId=483&hFormId=5726
교통/물류,승인통계,대중교통현황조사(2011~ ),직업별 대중교통 이용횟수_1주,https://stat.molit.go.kr/portal/cate/viewChk.do?hRsId=483&hFormId=5611
교통/물류,승인통계,대중교통현황조사(2011~ ),직업별 통행목적,https://stat.molit.go.kr/portal/cate/viewChk.do?hRsId=483&hFormId=5612
교통/물류,승인통계,대중교통현황조사(2011~ ),직업별 통행목적,https://stat.molit.go.kr/portal/cate/viewChk.do?hRsId=483&hFormId=5729
교통/물류,승인통계,대중교통현황조사(2011~ ),직업별 한달 대중교통 비용,https://stat.molit.go.kr/portal/cate/viewChk.do?hRsId=483&hFormId=5516
교통/물류,승인통계,대중교통현황조사(2011~ ),터미널운영현황(2010년 12월 기준),https://stat.molit.go.kr/portal/cate/viewChk.do?hRsId=483&hFormId=5517
교통/물류,승인통계,대중교통현황조사(2011~ ),통행목적별 대중교통 이용현황,https://stat.molit.go.kr/portal/cate/viewChk.do?hRsId=483&hFormId=5518
교통/물류,승인통계,대중교통현황조사(2011~ ),통행목적별 소요비용,https://stat.molit.go.kr/portal/cate/viewChk.do?hRsId=483&hFormId=5519
교통/물류,승인통계,대중교통현황조사(2011~ ),환승소요시간,https://stat.molit.go.kr/portal/cate/viewChk.do?hRsId=483&hFormId=5506
교통/물류,승인통계,대중교통현황조사(2011~ ),환승유형,https://stat.molit.go.kr/portal/cate/viewChk.do?hRsId=483&hFormId=5520
교통/물류,승인통계,자동차등록현황보고,이륜차신고현황 시도별,https://stat.molit.go.kr/portal/cate/viewChk.do?hRsId=58&hFormId=5559
교통/물류,승인통계,자동차등록현황보고,이륜차신고현황_연도별,https://stat.molit.go.kr/portal/cate/viewChk.do?hRsId=58&hFormId=2042
교통/물류,승인통계,자동차등록현황보고,자동차등록대수현황 시도별,https://stat.molit.go.kr/portal/cate/viewChk.do?hRsId=58&hFormId=5498
교통/물류,승인통계,자동차등록현황보고,자동차등록대수현황_연도별,https://stat.molit.go.kr/portal/cate/viewChk.do?hRsId=58&hFormId=1244
교통/물류,승인통계,자동차등록현황보고,종료_이륜차신고현황_시도별,https://stat.molit.go.kr/portal/cate/viewChk.do?hRsId=58&hFormId=2040
교통/물류,승인통계,자동차등록현황보고,종료_자동차등록대수현황_시도별,https://stat.molit.go.kr/portal/cate/viewChk.do?hRsId=58&hFormId=1242
교통/물류,행정자료,GDP대비 국가물류비,GDP 대비 국가물류비 및 부가가치 현황,https://stat.molit.go.kr/portal/cate/viewChk.do?hRsId=401&hFormId=5364
교통/물류,행정자료,GDP대비 국가물류비,기능별 국가물류비,https://stat.molit.go.kr/portal/cate/viewChk.do?hRsId=401&hFormId=4620
교통/물류,행정자료,GDP대비 국가물류비,단위수송비추이,https://stat.molit.go.kr/portal/cate/viewChk.do?hRsId=401&hFormId=4616
교통/물류,행정자료,GDP대비 국가물류비,톤기준단위물류비추이,https://stat.molit.go.kr/portal/cate/viewChk.do?hRsId=401&hFormId=4622
교통/물류,행정자료,경유가 추이(전국주유소 평균가),경유가 추이(전국주유소 평균가),https://stat.molit.go.kr/portal/cate/viewChk.do?hRsId=403&hFormId=4594
교통/물류,행정자료,광역교통개선대책수립현황,광역교통개선대책수립현황,https://stat.molit.go.kr/portal/cate/viewChk.do?hRsId=431&hFormId=4590
교통/물류,행정자료,광역교통시설부담금 현황,광역교통시설부담금 현황,https://stat.molit.go.kr/portal/cate/viewChk.do?hRsId=432&hFormId=4592
교통/물류,행정자료,기업물류비연도별추이,주요국의 기능별 기업물류비 구성비율 비교,https://stat.molit.go.kr/portal/cate/viewChk.do?hRsId=398&hFormId=4824
교통/물류,행정자료,기업물류비연도별추이,한.미.일 기업매출액 대비 물류비 지출 비중,https://stat.molit.go.kr/portal/cate/viewChk.do?hRsId=398&hFormId=5371
교통/물류,행정자료,물류시설현황,내륙물류기지 현황,https://stat.molit.go.kr/portal/cate/viewChk.do?hRsId=282&hFormId=4748
교통/물류,행정자료,물류시설현황,물류단지 지정 현황,https://stat.molit.go.kr/portal/cate/viewChk.do?hRsId=282&hFormId=5881
교통/물류,행정자료,물류시설현황,일반물류터미널 현황,https://stat.molit.go.kr/portal/cate/viewChk.do?hRsId=282&hFormId=5880
교통/물류,행정자료,버스 및 택시 수송실적(연도별),버스 및 택시 수송실적,https://stat.molit.go.kr/portal/cate/viewChk.do?hRsId=433&hFormId=4758
교통/물류,행정자료,영업용 화물차량 대수,영업용 화물차량 대수,https://stat.molit.go.kr/portal/cate/viewChk.do?hRsId=404&hFormId=4602
교통/물류,행정자료,자동차 리콜 현황,자동차 리콜 현황,https://stat.molit.go.kr/portal/cate/viewChk.do?hRsId=319&hFormId=4730
교통/물류,행정자료,자동차 면허 및 등록대수 연도별,자동차면허및등록대수(년별),https://stat.molit.go.kr/portal/cate/viewChk.do?hRsId=313&hFormId=4916
교통/물류,행정자료,자동차관리사업자업체현황분기,자동차관리사업자업체현황(분기),https://stat.molit.go.kr/portal/cate/viewChk.do?hRsId=437&hFormId=4392
교통/물류,행정자료,자동차교통사고발생현황(연도별),자동차교통사고발생현황(년별),https://stat.molit.go.kr/portal/cate/viewChk.do?hRsId=434&hFormId=3838
교통/물류,행정자료,저상버스도입현황,저상버스도입현황,https://stat.molit.go.kr/portal/cate/viewChk.do?hRsId=354&hFormId=5250
교통/물류,행정자료,특별교통대책 기간중 주요 지역간 최대 소요 시간 (고속도로),특별교통대책 기간중 주요 지역간 최대 소요 시간,https://stat.molit.go.kr/portal/cate/viewChk.do?hRsId=424&hFormId=4774
도로/철도,승인통계,도로교량 및 터널현황,노선별 터널현황,https://stat.molit.go.kr/portal/cate/viewChk.do?hRsId=65&hFormId=1038
도로/철도,승인통계,도로교량 및 터널현황,시도별 교량현황,https://stat.molit.go.kr/portal/cate/viewChk.do?hRsId=65&hFormId=1016
도로/철도,승인통계,도로교량 및 터널현황,연도교 현황,https://stat.molit.go.kr/portal/cate/viewChk.do?hRsId=65&hFormId=1034
도로/철도,승인통계,도로교량 및 터널현황,연륙교 현황,https://stat.molit.go.kr/portal/cate/viewChk.do?hRsId=65&hFormId=1030
도로/철도,승인통계,도로교량 및 터널현황,전국교량 연장별 현황,https://stat.molit.go.kr/portal/cate/viewChk.do?hRsId=65&hFormId=1018
도로/철도,승인통계,도로교량 및 터널현황,전국교량현황,https://stat.molit.go.kr/portal/cate/viewChk.do?hRsId=65&hFormId=1002
도로/철도,승인통계,도로교량 및 터널현황,전국터널현황,https://stat.molit.go.kr/portal/cate/viewChk.do?hRsId=65&hFormId=1040
도로/철도,승인통계,도로교량 및 터널현황,전국터널현황_고속국도,https://stat.molit.go.kr/portal/cate/viewChk.do?hRsId=65&hFormId=5343
도로/철도,승인통계,도로교량 및 터널현황,전국터널현황_구도,https://stat.molit.go.kr/portal/cate/viewChk.do?hRsId=65&hFormId=5350
도로/철도,승인통계,도로교량 및 터널현황,전국터널현황_군도,https://stat.molit.go.kr/portal/cate/viewChk.do?hRsId=65&hFormId=5349
도로/철도,승인통계,도로교량 및 터널현황,전국터널현황_시도,https://stat.molit.go.kr/portal/cate/viewChk.do?hRsId=65&hFormId=5348
도로/철도,승인통계,도로교량 및 터널현황,전국터널현황_일반국도,https://stat.molit.go.kr/portal/cate/viewChk.do?hRsId=65&hFormId=5344
도로/철도,승인통계,도로교량 및 터널현황,전국터널현황_지방도,https://stat.molit.go.kr/portal/cate/viewChk.do?hRsId=65&hFormId=5346
도로/철도,승인통계,도로교량 및 터널현황,전국터널현황_지방도(국가지원),https://stat.molit.go.kr/portal/cate/viewChk.do?hRsId=65&hFormId=5347
도로/철도,승인통계,도로교량 및 터널현황,전국터널현황_특별·광역시도,https://stat.molit.go.kr/portal/cate/viewChk.do?hRsId=65&hFormId=5345
도로/철도,승인통계,도로교량 및 터널현황,한강횡단교량현황(총괄),https://stat.molit.go.kr/portal/cate/viewChk.do?hRsId=65&hFormId=1022
도로/철도,승인통계,도로교량 및 터널현황,한강횡단교량현황(현황),https://stat.molit.go.kr/portal/cate/viewChk.do?hRsId=65&hFormId=1046
도로/철도,승인통계,도로교통량조사,1.도로종류별 노선별 차종별 평균일교통량과 구성비,https://stat.molit.go.kr/portal/cate/viewChk.do?hRsId=63&hFormId=996
도로/철도,승인통계,도로교통량조사,2.도로종류별 차종별 평균일교통량과 구성비,https://stat.molit.go.kr/portal/cate/viewChk.do?hRsId=63&hFormId=1240
도로/철도,승인통계,도로교통량조사,3.도로종류별 교통량분포에 따른 연장 및 구성비,https://stat.molit.go.kr/portal/cate/viewChk.do?hRsId=63&hFormId=994
도로/철도,승인통계,도로현황,01.도로현황 총괄표,https://stat.molit.go.kr/portal/cate/viewChk.do?hRsId=59&hFormId=5675
도로/철도,승인통계,도로현황,02.연도별 도로현황,https://stat.molit.go.kr/portal/cate/viewChk.do?hRsId=59&hFormId=958
도로/철도,승인통계,도로현황,03.시·도별 도로현황,https://stat.molit.go.kr/portal/cate/viewChk.do?hRsId=59&hFormId=962
도로/철도,승인통계,도로현황,04.도로등급별 차로현황,https://stat.molit.go.kr/portal/cate/viewChk.do?hRsId=59&hFormId=968
도로/철도,승인통계,도로현황,05.고속국도 현황,https://stat.molit.go.kr/portal/cate/viewChk.do?hRsId=59&hFormId=5676
도로/철도,승인통계,도로현황,06.일반국도 현황,https://stat.molit.go.kr/portal/cate/viewChk.do?hRsId=59&hFormId=5677
도로/철도,승인통계,도로현황,07.특광시도 현황,https://stat.molit.go.kr/portal/cate/viewChk.do?hRsId=59&hFormId=5678
도로/철도,승인통계,도로현황,08.지방도 현황,https://stat.molit.go.kr/portal/cate/viewChk.do?hRsId=59&hFormId=5679
도로/철도,승인통계,도로현황,09.시도 현황,https://stat.molit.go.kr/portal/cate/viewChk.do?hRsId=59&hFormId=5680
도로/철도,승인통계,도로현황,10.군도현황,https://stat.molit.go.kr/portal/cate/viewChk.do?hRsId=59&hFormId=5681
도로/철도,승인통계,도로현황,11.구도 현황,https://stat.molit.go.kr/portal/cate/viewChk.do?hRsId=59&hFormId=5682
도로/철도,승인통계,도로현황,12.시·도별 도로보급률,https://stat.molit.go.kr/portal/cate/viewChk.do?hRsId=59&hFormId=966
도로/철도,승인통계,도로현황,13.일반국도 관리연장현황,https://stat.molit.go.kr/portal/cate/viewChk.do?hRsId=59&hFormId=976
도로/철도,승인통계,도로현황,14.자동차전용도로현황(고속국도제외),https://stat.molit.go.kr/portal/cate/viewChk.do?hRsId=59&hFormId=970
도로/철도,승인통계,도로현황,15.유료도로현황(전체현황),https://stat.molit.go.kr/portal/cate/viewChk.do?hRsId=59&hFormId=5674
도로/철도,승인통계,도로현황,16.유료도로현황(구간별현황),https://stat.molit.go.kr/portal/cate/viewChk.do?hRsId=59&hFormId=5673
도로/철도,승인통계,철도경찰통계,1.형사사건현황,https://stat.molit.go.kr/portal/cate/viewChk.do?hRsId=68&hFormId=6683
도로/철도,승인통계,철도경찰통계,1.형사사건현황(종료),https://stat.molit.go.kr/portal/cate/viewChk.do?hRsId=68&hFormId=5926
도로/철도,승인통계,철도경찰통계,2.경범현황,https://stat.molit.go.kr/portal/cate/viewChk.do?hRsId=68&hFormId=6684
도로/철도,승인통계,철도경찰통계,2.경범현황(종료),https://stat.molit.go.kr/portal/cate/viewChk.do?hRsId=68&hFormId=5927
도로/철도,승인통계,철도경찰통계,3.과태료현황,https://stat.molit.go.kr/portal/cate/viewChk.do?hRsId=68&hFormId=6685
도로/철도,승인통계,철도경찰통계,3.과태료현황(종료),https://stat.molit.go.kr/portal/cate/viewChk.do?hRsId=68&hFormId=5928
도로/철도,승인통계,철도경찰통계,4-1.가출인 상담 및 처리현황_상담실적,https://stat.molit.go.kr/portal/cate/viewChk.do?hRsId=68&hFormId=5929
도로/철도,승인통계,철도경찰통계,4-2.가출인 상담 및 처리현황_자체발견처리,https://stat.molit.go.kr/portal/cate/viewChk.do?hRsId=68&hFormId=5930
도로/철도,승인통계,철도경찰통계,5.형사사건현황(종료),https://stat.molit.go.kr/portal/cate/viewChk.do?hRsId=68&hFormId=882
도로/철도,승인통계,철도경찰통계,6.행정범현황(종료),https://stat.molit.go.kr/portal/cate/viewChk.do?hRsId=68&hFormId=884
도로/철도,승인통계,철도경찰통계,7-1.가출현황_가출인상담(종료),https://stat.molit.go.kr/portal/cate/viewChk.do?hRsId=68&hFormId=886
도로/철도,승인통계,철도경찰통계,7-2.가출현황_가출인처리(종료),https://stat.molit.go.kr/portal/cate/viewChk.do?hRsId=68&hFormId=888
도로/철도,승인통계,철도경찰통계,7-3.가출현황_가출인발견(종료),https://stat.molit.go.kr/portal/cate/viewChk.do?hRsId=68&hFormId=894
도로/철도,승인통계,철도사고현황,건널목사고 상세현황,https://stat.molit.go.kr/portal/cate/viewChk.do?hRsId=67&hFormId=876
도로/철도,승인통계,철도사고현황,사상사고 상세현황,https://stat.molit.go.kr/portal/cate/viewChk.do?hRsId=67&hFormId=878
도로/철도,승인통계,철도사고현황,열차사고 상세현황,https://stat.molit.go.kr/portal/cate/viewChk.do?hRsId=67&hFormId=874
도로/철도,승인통계,철도사고현황,철도사고현황,https://stat.molit.go.kr/portal/cate/viewChk.do?hRsId=67&hFormId=5341
도로/철도,행정자료,도로보수현황,01.도로보수실적총괄표,https://stat.molit.go.kr/portal/cate/viewChk.do?hRsId=60&hFormId=5683
도로/철도,행정자료,도로보수현황,02.도로보수비현황,https://stat.molit.go.kr/portal/cate/viewChk.do?hRsId=60&hFormId=978
도로/철도,행정자료,도로투자실적 현황,도로투자실적현황,https://stat.molit.go.kr/portal/cate/viewChk.do?hRsId=62&hFormId=986
도로/철도,행정자료,도시철도수송실적_연도별,도시철도수송실적_연도별 저장 목록,https://stat.molit.go.kr/portal/cate/viewChk.do?hRsId=272&hFormId=6907
도로/철도,행정자료,송변전설비 현황,송변전설비 관련 세부사항,https://stat.molit.go.kr/portal/cate/viewChk.do?hRsId=448&hFormId=4814
도로/철도,행정자료,송변전설비 현황,송변전설비현황,https://stat.molit.go.kr/portal/cate/viewChk.do?hRsId=448&hFormId=5365
도로/철도,행정자료,장대레일 부설 현황,장대레일 부설 현황,https://stat.molit.go.kr/portal/cate/viewChk.do?hRsId=446&hFormId=4844
도로/철도,행정자료,전철전력설비 현황,전력설비 현황,https://stat.molit.go.kr/portal/cate/viewChk.do?hRsId=451&hFormId=4812
도로/철도,행정자료,전철전력설비 현황,전철설비 현황,https://stat.molit.go.kr/portal/cate/viewChk.do?hRsId=451&hFormId=4830
도로/철도,행정자료,철도공사 열차 보유현황,철도공사 열차 보유 현황,https://stat.molit.go.kr/portal/cate/viewChk.do?hRsId=447&hFormId=4834
도로/철도,행정자료,철도입체교차시설현황_연도별,철도입체교차시설현황(년별),https://stat.molit.go.kr/portal/cate/viewChk.do?hRsId=303&hFormId=4744
도로/철도,행정자료,철도터널현황_연도별,철도터널현황_연도별,https://stat.molit.go.kr/portal/cate/viewChk.do?hRsId=302&hFormId=4746
